timestamp,value,anomaly_score,label,S(t)_standard,S(t)_reward_low_FP_rate,S(t)_reward_low_FN_rate
2015-09-08 11:39:00,73,0.028415970952230682,0,-0.11,-0.22,-0.11
2015-09-08 11:44:00,62,0.980198585760575,0,-0.11,-0.22,-0.11
2015-09-08 11:59:00,66,0.9802675673966788,0,-0.11,-0.22,-0.11
2015-09-08 12:19:00,69,0.9666425567633004,0,-0.11,-0.22,-0.11
2015-09-08 12:24:00,65,0.9753204426611732,0,-0.11,-0.22,-0.11
2015-09-08 12:27:00,76,0.9598467569668748,0,-0.11,-0.22,-0.11
2015-09-08 12:32:00,65,0.9659143264239938,0,-0.11,-0.22,-0.11
2015-09-08 12:46:00,62,0.9709049097055972,0,-0.11,-0.22,-0.11
2015-09-08 12:51:00,61,0.9612691529954802,0,-0.11,-0.22,-0.11
2015-09-08 13:01:00,65,0.9568215699650308,0,-0.11,-0.22,-0.11
2015-09-08 13:21:00,68,0.9592911682591856,0,-0.11,-0.22,-0.11
2015-09-08 13:26:00,66,0.9533601016492824,0,-0.11,-0.22,-0.11
2015-09-08 13:31:00,67,0.9523114687272134,0,-0.11,-0.22,-0.11
2015-09-08 13:36:00,65,0.9414561942312321,0,-0.11,-0.22,-0.11
2015-09-08 13:41:00,67,0.9421675355746926,0,-0.11,-0.22,-0.11
2015-09-08 13:46:00,67,0.9329589786409902,0,-0.11,-0.22,-0.11
2015-09-08 13:56:00,69,0.9500917514944512,0,-0.11,-0.22,-0.11
2015-09-08 14:11:00,68,0.9276297957394752,0,-0.11,-0.22,-0.11
2015-09-08 14:16:00,68,0.9185418123836788,0,-0.11,-0.22,-0.11
2015-09-08 14:21:00,67,0.9127693658573072,0,-0.11,-0.22,-0.11
2015-09-08 14:46:00,66,0.9167151405849122,0,-0.11,-0.22,-0.11
2015-09-08 14:51:00,68,0.9039908086949218,0,-0.11,-0.22,-0.11
2015-09-08 15:16:00,69,0.9244730183992856,0,-0.11,-0.22,-0.11
2015-09-08 15:21:00,65,0.9268688913504528,0,-0.11,-0.22,-0.11
2015-09-08 15:26:00,70,0.9417494337116734,0,-0.11,-0.22,-0.11
2015-09-08 15:29:00,66,0.903503015120891,0,-0.11,-0.22,-0.11
2015-09-08 15:41:00,65,0.9132344153389356,0,-0.11,-0.22,-0.11
2015-09-08 16:15:00,64,0.94159107131613,0,-0.11,-0.22,-0.11
2015-09-08 16:31:00,66,0.8895195247542269,0,-0.11,-0.22,-0.11
2015-09-08 16:36:00,69,0.913215623648022,0,-0.11,-0.22,-0.11
2015-09-08 16:41:00,64,0.9321252507209616,0,-0.11,-0.22,-0.11
2015-09-08 16:56:00,69,0.9050152442512452,0,-0.11,-0.22,-0.11
2015-09-08 17:11:00,65,0.891108572290302,0,-0.11,-0.22,-0.11
2015-09-08 17:16:00,68,0.8835910874231724,0,-0.11,-0.22,-0.11
2015-09-08 17:21:00,67,0.8798059635497212,0,-0.11,-0.22,-0.11
2015-09-08 17:26:00,69,0.8916575676077364,0,-0.11,-0.22,-0.11
2015-09-08 17:31:00,66,0.8735698735400169,0,-0.11,-0.22,-0.11
2015-09-08 17:36:00,69,0.8838311428374086,0,-0.11,-0.22,-0.11
2015-09-08 17:41:00,66,0.8660808638335178,0,-0.11,-0.22,-0.11
2015-09-08 17:46:00,65,0.8753361593818346,0,-0.11,-0.22,-0.11
2015-09-08 17:51:00,66,0.8531337366890638,0,-0.11,-0.22,-0.11
2015-09-08 17:56:00,65,0.8622150890960497,0,-0.11,-0.22,-0.11
2015-09-08 17:57:00,64,0.9085542803197968,0,-0.11,-0.22,-0.11
2015-09-08 18:36:00,70,0.9171450055806092,0,-0.11,-0.22,-0.11
2015-09-08 18:46:00,69,0.8751141631623927,0,-0.11,-0.22,-0.11
2015-09-08 18:51:00,66,0.8431701594003084,0,-0.11,-0.22,-0.11
2015-09-08 18:56:00,68,0.8593139630210253,0,-0.11,-0.22,-0.11
2015-09-08 19:06:00,71,0.8753242130474589,0,-0.11,-0.22,-0.11
2015-09-08 20:11:00,63,0.9484799436265664,0,-0.11,-0.22,-0.11
2015-09-08 20:31:00,67,0.8526304889897055,0,-0.11,-0.22,-0.11
2015-09-08 20:41:00,62,0.9541329057314084,0,-0.11,-0.22,-0.11
2015-09-08 20:51:00,64,0.8976803335171096,0,-0.11,-0.22,-0.11
2015-09-08 21:01:00,59,0.9813706973690904,0,-0.11,-0.22,-0.11
2015-09-08 21:06:00,65,0.8480109832068331,0,-0.11,-0.22,-0.11
2015-09-08 21:31:00,58,0.9744907723249342,0,-0.11,-0.22,-0.11
2015-09-08 21:41:00,64,0.8858021796740716,0,-0.11,-0.22,-0.11
2015-09-08 22:31:00,63,0.9237984541844318,0,-0.11,-0.22,-0.11
2015-09-08 22:41:00,66,0.8353731879302271,0,-0.11,-0.22,-0.11
2015-09-08 23:16:00,66,0.8272562499790189,0,-0.11,-0.22,-0.11
2015-09-08 23:31:00,60,0.9649041825181448,0,-0.11,-0.22,-0.11
2015-09-09 00:06:00,57,0.9723136594391673,0,-0.11,-0.22,-0.11
2015-09-09 01:16:00,58,0.9584669873326336,0,-0.11,-0.22,-0.11
2015-09-09 07:34:00,69,0.8767921694797848,0,-0.11,-0.22,-0.11
2015-09-09 09:20:00,70,0.9035413134310692,0,-0.11,-0.22,-0.11
2015-09-09 09:58:00,66,0.8267199552109091,0,-0.11,-0.22,-0.11
2015-09-09 10:23:00,68,0.8566962663136051,0,-0.11,-0.22,-0.11
2015-09-09 10:33:00,65,0.8325232511880128,0,-0.11,-0.22,-0.11
2015-09-09 10:38:00,68,0.8495145792539721,0,-0.11,-0.22,-0.11
2015-09-09 10:43:00,68,0.8412077480630309,0,-0.11,-0.22,-0.11
2015-09-09 10:48:00,70,0.8951575945501827,0,-0.11,-0.22,-0.11
2015-09-09 10:53:00,67,0.8324140931710068,0,-0.11,-0.22,-0.11
2015-09-09 11:03:00,73,0.5052781787913339,0,-0.11,-0.22,-0.11
2015-09-09 11:08:00,77,0.9673029635965864,0,-0.11,-0.22,-0.11
2015-09-09 11:13:00,75,0.91005116251647,0,-0.11,-0.22,-0.11
2015-09-09 11:18:00,71,0.8786190013100139,0,-0.11,-0.22,-0.11
2015-09-09 11:23:00,73,0.512019596299124,0,-0.11,-0.22,-0.11
2015-09-09 11:43:00,68,0.8357816762833657,0,-0.11,-0.22,-0.11
2015-09-09 11:48:00,58,0.9535853564135488,0,-0.11,-0.22,-0.11
2015-09-09 12:03:00,65,0.8389663308944516,0,-0.11,-0.22,-0.11
2015-09-09 12:13:00,65,0.8308236987536818,0,-0.11,-0.22,-0.11
2015-09-09 12:33:00,65,0.8227624929343198,0,-0.11,-0.22,-0.11
2015-09-09 12:48:00,66,0.8105999211687205,0,-0.11,-0.22,-0.11
2015-09-09 13:08:00,74,0.7064757065318561,0,-0.11,-0.22,-0.11
2015-09-09 13:33:00,64,0.8708807113022731,0,-0.11,-0.22,-0.11
2015-09-09 13:38:00,68,0.8363369019072784,0,-0.11,-0.22,-0.11
2015-09-09 13:43:00,65,0.8099296200324901,0,-0.11,-0.22,-0.11
2015-09-09 13:48:00,69,0.8530354977383408,0,-0.11,-0.22,-0.11
2015-09-09 13:53:00,70,0.8865901711569335,0,-0.11,-0.22,-0.11
2015-09-09 13:58:00,64,0.8612665203199324,0,-0.11,-0.22,-0.11
2015-09-09 14:08:00,65,0.8014314181764027,0,-0.11,-0.22,-0.11
2015-09-09 14:13:00,67,0.8279446404735082,0,-0.11,-0.22,-0.11
2015-09-09 14:38:00,68,0.8242696109878471,0,-0.11,-0.22,-0.11
2015-09-09 14:48:00,66,0.7979995666844995,0,-0.11,-0.22,-0.11
2015-09-09 14:53:00,63,0.9163288216432882,0,-0.11,-0.22,-0.11
2015-09-09 15:03:00,68,0.8181935519531525,0,-0.11,-0.22,-0.11
2015-09-09 15:08:00,68,0.8101999310352195,0,-0.11,-0.22,-0.11
2015-09-09 15:13:00,73,0.5872677702547541,0,-0.11,-0.22,-0.11
2015-09-09 15:18:00,79,0.9756992052274696,0,-0.11,-0.22,-0.11
2015-09-09 15:23:00,64,0.8516015283390812,0,-0.11,-0.22,-0.11
2015-09-09 15:28:00,67,0.8100296500493062,0,-0.11,-0.22,-0.11
2015-09-09 15:38:00,62,0.9422519318647152,0,-0.11,-0.22,-0.11
2015-09-09 15:43:00,68,0.8051182613675786,0,-0.11,-0.22,-0.11
2015-09-09 15:48:00,70,0.8860227423028648,0,-0.11,-0.22,-0.11
2015-09-09 16:08:00,67,0.8015055013830918,0,-0.11,-0.22,-0.11
2015-09-09 16:13:00,70,0.8782370605583665,0,-0.11,-0.22,-0.11
2015-09-09 16:23:00,65,0.8040207733965267,0,-0.11,-0.22,-0.11
2015-09-09 16:33:00,67,0.7960772049549653,0,-0.11,-0.22,-0.11
2015-09-09 16:43:00,71,0.8793996191995632,0,-0.11,-0.22,-0.11
2015-09-09 16:48:00,69,0.8277451030408713,0,-0.11,-0.22,-0.11
2015-09-09 16:53:00,64,0.8492152513949097,0,-0.11,-0.22,-0.11
2015-09-09 16:58:00,63,0.9004793947060898,0,-0.11,-0.22,-0.11
2015-09-09 17:03:00,62,0.9303040485917258,0,-0.11,-0.22,-0.11
2015-09-09 17:08:00,55,0.9779174252165288,0,-0.11,-0.22,-0.11
2015-09-09 17:13:00,48,0.9707651714401668,0,-0.11,-0.22,-0.11
2015-09-09 17:18:00,56,0.96701287771468,0,-0.11,-0.22,-0.11
2015-09-09 17:23:00,51,0.9724658474035754,0,-0.11,-0.22,-0.11
2015-09-09 17:28:00,60,0.9612017497851254,0,-0.11,-0.22,-0.11
2015-09-09 17:33:00,43,0.9729361461056496,0,-0.11,-0.22,-0.11
2015-09-09 17:38:00,62,0.9233930181913352,0,-0.11,-0.22,-0.11
2015-09-09 17:43:00,70,0.873316522276736,0,-0.11,-0.22,-0.11
2015-09-09 17:48:00,65,0.8124052410685554,0,-0.11,-0.22,-0.11
2015-09-09 17:58:00,70,0.8658101430494108,0,-0.11,-0.22,-0.11
2015-09-09 18:03:00,67,0.8121724500107903,0,-0.11,-0.22,-0.11
2015-09-09 18:13:00,70,0.8584266920300564,0,-0.11,-0.22,-0.11
2015-09-09 18:18:00,67,0.8058901582870159,0,-0.11,-0.22,-0.11
2015-09-09 18:23:00,69,0.823791453348811,0,-0.11,-0.22,-0.11
2015-09-09 18:28:00,69,0.8158128627915359,0,-0.11,-0.22,-0.11
2015-09-09 18:38:00,68,0.7949681038717636,0,-0.11,-0.22,-0.11
2015-09-09 18:43:00,67,0.7951962724514143,0,-0.11,-0.22,-0.11
2015-09-09 19:03:00,66,0.8007251723338441,0,-0.11,-0.22,-0.11
2015-09-09 19:38:00,63,0.8953209016056306,0,-0.11,-0.22,-0.11
2015-09-09 19:48:00,68,0.7859808276731006,0,-0.11,-0.22,-0.11
2015-09-09 20:03:00,68,0.7783093339979682,0,-0.11,-0.22,-0.11
2015-09-09 20:13:00,65,0.8136840438849926,0,-0.11,-0.22,-0.11
2015-09-09 20:18:00,60,0.9551097609813852,0,-0.11,-0.22,-0.11
2015-09-09 20:23:00,65,0.8074336514438101,0,-0.11,-0.22,-0.11
2015-09-09 20:38:00,64,0.8425377708025635,0,-0.11,-0.22,-0.11
2015-09-09 20:58:00,57,0.9590298106103952,0,-0.11,-0.22,-0.11
2015-09-09 21:13:00,57,0.9497087858708728,0,-0.11,-0.22,-0.11
2015-09-09 21:28:00,62,0.9179496278070012,0,-0.11,-0.22,-0.11
2015-09-09 21:33:00,55,0.9631742351323554,0,-0.11,-0.22,-0.11
2015-09-09 21:48:00,61,0.9324022969072736,0,-0.11,-0.22,-0.11
2015-09-09 21:53:00,61,0.9232714011896104,0,-0.11,-0.22,-0.11
2015-09-09 22:33:00,58,0.9458360954668698,0,-0.11,-0.22,-0.11
2015-09-09 22:41:00,65,0.8078416677470291,0,-0.11,-0.22,-0.11
2015-09-09 23:38:00,65,0.8000102822377336,0,-0.11,-0.22,-0.11
2015-09-09 23:53:00,62,0.9015377093571698,0,-0.11,-0.22,-0.11
2015-09-10 05:33:00,68,0.79772031610165,0,-0.11,-0.22,-0.11
2015-09-10 05:45:00,61,0.9114698585272256,0,-0.11,-0.22,-0.11
2015-09-10 08:00:00,62,0.8886104447909299,0,-0.11,-0.22,-0.11
2015-09-10 08:18:00,73,0.7430281109404656,0,-0.11,-0.22,-0.11
2015-09-10 08:33:00,70,0.8670286648606564,0,-0.11,-0.22,-0.11
2015-09-10 08:43:00,65,0.8028079200681871,0,-0.11,-0.22,-0.11
2015-09-10 08:53:00,65,0.7950268720356799,0,-0.11,-0.22,-0.11
2015-09-10 09:13:00,61,0.9005763936561464,0,-0.11,-0.22,-0.11
2015-09-10 09:23:00,64,0.8326353940313035,0,-0.11,-0.22,-0.11
2015-09-10 09:28:00,62,0.8786091289403076,0,-0.11,-0.22,-0.11
2015-09-10 09:48:00,75,0.9380255468623808,0,-0.11,-0.22,-0.11
2015-09-10 09:52:00,66,0.8027020886346251,0,-0.11,-0.22,-0.11
2015-09-10 10:02:00,71,0.8925565865886611,0,-0.11,-0.22,-0.11
2015-09-10 10:07:00,66,0.7966669661074826,0,-0.11,-0.22,-0.11
2015-09-10 10:22:00,67,0.8041240682839323,0,-0.11,-0.22,-0.11
2015-09-10 10:27:00,65,0.7841485606606359,0,-0.11,-0.22,-0.11
2015-09-10 10:32:00,67,0.7969290644002327,0,-0.11,-0.22,-0.11
2015-09-10 10:42:00,67,0.789172892178275,0,-0.11,-0.22,-0.11
2015-09-10 10:47:00,65,0.7782075492683102,0,-0.11,-0.22,-0.11
2015-09-10 10:52:00,68,0.8002743104944373,0,-0.11,-0.22,-0.11
2015-09-10 11:27:00,64,0.8259851818240486,0,-0.11,-0.22,-0.11
2015-09-10 11:37:00,72,0.8352209593534559,0,-0.11,-0.22,-0.11
2015-09-10 11:42:00,62,0.8809175383173067,0,-0.11,-0.22,-0.11
2015-09-10 11:47:00,72,0.8285504432816213,0,-0.11,-0.22,-0.11
2015-09-10 11:52:00,72,0.8203703685400033,0,-0.11,-0.22,-0.11
2015-09-10 11:57:00,68,0.8012322475955715,0,-0.11,-0.22,-0.11
2015-09-10 12:07:00,64,0.8245359441850549,0,-0.11,-0.22,-0.11
2015-09-10 12:12:00,63,0.8637323417076412,0,-0.11,-0.22,-0.11
2015-09-10 12:37:00,65,0.7761871749025567,0,-0.11,-0.22,-0.11
2015-09-10 12:42:00,72,0.8186612838114481,0,-0.11,-0.22,-0.11
2015-09-10 12:57:00,67,0.7904251176121883,0,-0.11,-0.22,-0.11
2015-09-10 13:07:00,66,0.7779601171136892,0,-0.11,-0.22,-0.11
2015-09-10 13:17:00,71,0.8778397671626462,0,-0.11,-0.22,-0.11
2015-09-10 13:32:00,71,0.8692252372784067,0,-0.11,-0.22,-0.11
2015-09-10 13:42:00,67,0.7828603935906749,0,-0.11,-0.22,-0.11
2015-09-10 13:47:00,68,0.7964571553185172,0,-0.11,-0.22,-0.11
2015-09-10 14:02:00,65,0.7749150027242342,0,-0.11,-0.22,-0.11
2015-09-10 14:07:00,70,0.8667249897436843,0,-0.11,-0.22,-0.11
2015-09-10 14:17:00,71,0.8593646241573911,0,-0.11,-0.22,-0.11
2015-09-10 14:32:00,65,0.7714807341814716,0,-0.11,-0.22,-0.11
2015-09-10 14:37:00,69,0.8342761312681103,0,-0.11,-0.22,-0.11
2015-09-10 14:42:00,69,0.8261926939316423,0,-0.11,-0.22,-0.11
2015-09-10 14:47:00,69,0.8181900909685391,0,-0.11,-0.22,-0.11
2015-09-10 14:57:00,69,0.8102675140350668,0,-0.11,-0.22,-0.11
2015-09-10 15:02:00,71,0.8522324824268867,0,-0.11,-0.22,-0.11
2015-09-10 15:07:00,64,0.8213127872516347,0,-0.11,-0.22,-0.11
2015-09-10 15:12:00,64,0.8133687069499267,0,-0.11,-0.22,-0.11
2015-09-10 15:17:00,66,0.7796251120265307,0,-0.11,-0.22,-0.11
2015-09-10 15:22:00,76,0.9629973354086744,0,-0.11,-0.22,-0.11
2015-09-10 15:27:00,64,0.8076847464501032,0,-0.11,-0.22,-0.11
2015-09-10 15:32:00,67,0.7858560091282073,0,-0.11,-0.22,-0.11
2015-09-10 15:37:00,64,0.8015782893239191,0,-0.11,-0.22,-0.11
2015-09-10 15:42:00,70,0.8423240077429788,0,-0.11,-0.22,-0.11
2015-09-10 15:47:00,70,0.8340801168834818,0,-0.11,-0.22,-0.11
2015-09-10 15:52:00,68,0.7888591040376239,0,-0.11,-0.22,-0.11
2015-09-10 15:57:00,69,0.8010306834531129,0,-0.11,-0.22,-0.11
2015-09-10 16:02:00,68,0.7773696104386439,0,-0.11,-0.22,-0.11
2015-09-10 16:12:00,68,0.7697842289358561,0,-0.11,-0.22,-0.11
2015-09-10 16:17:00,69,0.7854993661599278,0,-0.11,-0.22,-0.11
2015-09-10 16:22:00,63,0.8644807642299691,0,-0.11,-0.22,-0.11
2015-09-10 16:27:00,67,0.77604127622428,0,-0.11,-0.22,-0.11
2015-09-10 16:32:00,66,0.7802977118078329,0,-0.11,-0.22,-0.11
2015-09-10 16:37:00,68,0.7582276038223287,0,-0.11,-0.22,-0.11
2015-09-10 16:42:00,66,0.7735770891730683,0,-0.11,-0.22,-0.11
2015-09-10 16:47:00,67,0.7576306617171622,0,-0.11,-0.22,-0.11
2015-09-10 16:52:00,67,0.7502674735220352,0,-0.11,-0.22,-0.11
2015-09-10 16:57:00,68,0.7449223676864155,0,-0.11,-0.22,-0.11
2015-09-10 17:02:00,64,0.8114509250650052,0,-0.11,-0.22,-0.11
2015-09-10 17:07:00,67,0.7418661036475015,0,-0.11,-0.22,-0.11
2015-09-10 17:12:00,62,0.8966088554285819,0,-0.11,-0.22,-0.11
2015-09-10 17:17:00,67,0.7370523659207622,0,-0.11,-0.22,-0.11
2015-09-10 17:22:00,66,0.7559151039989053,0,-0.11,-0.22,-0.11
2015-09-10 17:32:00,66,0.7485927468870104,0,-0.11,-0.22,-0.11
2015-09-10 17:37:00,67,0.7233978136161733,0,-0.11,-0.22,-0.11
2015-09-10 17:42:00,62,0.8912630741347433,0,-0.11,-0.22,-0.11
2015-09-10 17:47:00,63,0.8560159644271809,0,-0.11,-0.22,-0.11
2015-09-10 17:52:00,66,0.7426538638332504,0,-0.11,-0.22,-0.11
2015-09-10 18:07:00,69,0.7935305446028426,0,-0.11,-0.22,-0.11
2015-09-10 18:12:00,70,0.8375923826700142,0,-0.11,-0.22,-0.11
2015-09-10 18:17:00,70,0.8293958080612469,0,-0.11,-0.22,-0.11
2015-09-10 18:22:00,67,0.7246121077725141,0,-0.11,-0.22,-0.11
2015-09-10 18:37:00,66,0.7389802423407512,0,-0.11,-0.22,-0.11
2015-09-10 18:42:00,68,0.7376468737077133,0,-0.11,-0.22,-0.11
2015-09-10 18:47:00,71,0.8624033919722202,0,-0.11,-0.22,-0.11
2015-09-10 18:52:00,62,0.8854789395258237,0,-0.11,-0.22,-0.11
2015-09-10 18:57:00,68,0.7353194707092531,0,-0.11,-0.22,-0.11
2015-09-10 19:32:00,62,0.8778265668099361,0,-0.11,-0.22,-0.11
2015-09-10 19:37:00,64,0.8197555379049914,0,-0.11,-0.22,-0.11
2015-09-10 19:47:00,69,0.7801253995756295,0,-0.11,-0.22,-0.11
2015-09-10 19:57:00,63,0.8465716192211366,0,-0.11,-0.22,-0.11
2015-09-10 20:02:00,64,0.8093564347005333,0,-0.11,-0.22,-0.11
2015-09-10 21:02:00,62,0.8654952135344335,0,-0.11,-0.22,-0.11
2015-09-10 21:12:00,69,0.7786564309504869,0,-0.11,-0.22,-0.11
2015-09-10 21:27:00,65,0.7788961143655944,0,-0.11,-0.22,-0.11
2015-09-10 21:57:00,56,0.964607740435074,0,-0.11,-0.22,-0.11
2015-09-10 22:12:00,64,0.8015741052478506,0,-0.11,-0.22,-0.11
2015-09-10 23:42:00,70,0.8262396361266684,0,-0.11,-0.22,-0.11
2015-09-10 23:47:00,61,0.9088641661557294,0,-0.11,-0.22,-0.11
2015-09-11 05:27:00,64,0.7973604979168716,0,-0.11,-0.22,-0.11
2015-09-11 05:47:00,68,0.7466558974188191,0,-0.11,-0.22,-0.11
2015-09-11 06:17:00,65,0.7720109614382222,0,-0.11,-0.22,-0.11
2015-09-11 06:37:00,70,0.8232443183400715,0,-0.11,-0.22,-0.11
2015-09-11 06:42:00,65,0.7665882448218257,0,-0.11,-0.22,-0.11
2015-09-11 06:57:00,65,0.7591693935417821,0,-0.11,-0.22,-0.11
2015-09-11 07:07:00,70,0.8182620960516039,0,-0.11,-0.22,-0.11
2015-09-11 07:12:00,73,0.8724020561505343,0,-0.11,-0.22,-0.11
2015-09-11 07:32:00,69,0.7741550323081744,0,-0.11,-0.22,-0.11
2015-09-11 07:42:00,68,0.7471721549815495,0,-0.11,-0.22,-0.11
2015-09-11 08:12:00,65,0.7605218095103047,0,-0.11,-0.22,-0.11
2015-09-11 08:42:00,68,0.7421699977374246,0,-0.11,-0.22,-0.11
2015-09-11 08:47:00,69,0.7614846443362061,0,-0.11,-0.22,-0.11
2015-09-11 09:12:00,71,0.8615140684948048,0,-0.11,-0.22,-0.11
2015-09-11 09:17:00,70,0.8022017872990245,0,-0.11,-0.22,-0.11
2015-09-11 09:27:00,64,0.7931197382918074,0,-0.11,-0.22,-0.11
2015-09-11 09:32:00,68,0.7376513509036401,0,-0.11,-0.22,-0.11
2015-09-11 09:37:00,70,0.7968362348665542,0,-0.11,-0.22,-0.11
2015-09-11 09:52:00,66,0.765993496308004,0,-0.11,-0.22,-0.11
2015-09-11 09:57:00,71,0.8476788006204573,0,-0.11,-0.22,-0.11
2015-09-11 10:07:00,68,0.7353966778056669,0,-0.11,-0.22,-0.11
2015-09-11 10:27:00,63,0.8442142026533991,0,-0.11,-0.22,-0.11
2015-09-11 10:39:00,66,0.7637419269971445,0,-0.11,-0.22,-0.11
2015-09-11 10:49:00,65,0.7604354635539459,0,-0.11,-0.22,-0.11
2015-09-11 11:19:00,69,0.7533177970541952,0,-0.11,-0.22,-0.11
2015-09-11 11:29:00,70,0.789257423505433,0,-0.11,-0.22,-0.11
2015-09-11 11:34:00,67,0.7491790113081949,0,-0.11,-0.22,-0.11
2015-09-11 11:39:00,63,0.8417614478737542,0,-0.11,-0.22,-0.11
2015-09-11 11:44:00,68,0.7314320736143916,0,-0.11,-0.22,-0.11
2015-09-11 11:54:00,71,0.8442030987334781,0,-0.11,-0.22,-0.11
2015-09-11 12:04:00,60,0.953255369843558,0,-0.11,-0.22,-0.11
2015-09-11 12:14:00,81,0.9754262969107214,0,-0.11,-0.22,-0.11
2015-09-11 12:39:00,69,0.7483723091193318,0,-0.11,-0.22,-0.11
2015-09-11 12:44:00,71,0.8390530169256278,0,-0.11,-0.22,-0.11
2015-09-11 12:49:00,64,0.7991126381910245,0,-0.11,-0.22,-0.11
2015-09-11 12:54:00,65,0.7683479945054605,0,-0.11,-0.22,-0.11
2015-09-11 12:59:00,69,0.7468373506099124,0,-0.11,-0.22,-0.11
2015-09-11 13:09:00,66,0.7667141971518202,0,-0.11,-0.22,-0.11
2015-09-11 13:24:00,65,0.7594395269809654,0,-0.11,-0.22,-0.11
2015-09-11 13:29:00,67,0.7530179178268618,0,-0.11,-0.22,-0.11
2015-09-11 13:39:00,67,0.7457008570706377,0,-0.11,-0.22,-0.11
2015-09-11 13:44:00,66,0.7487333855802614,0,-0.11,-0.22,-0.11
2015-09-11 13:49:00,69,0.7485869413541505,0,-0.11,-0.22,-0.11
2015-09-11 13:54:00,70,0.7841451364198118,0,-0.11,-0.22,-0.11
2015-09-11 14:04:00,65,0.7551161379865705,0,-0.11,-0.22,-0.11
2015-09-11 14:14:00,68,0.7309457275694486,0,-0.11,-0.22,-0.11
2015-09-11 14:19:00,68,0.7238245848953527,0,-0.11,-0.22,-0.11
2015-09-11 14:24:00,66,0.7448568292114212,0,-0.11,-0.22,-0.11
2015-09-11 14:29:00,67,0.7297880953888833,0,-0.11,-0.22,-0.11
2015-09-11 14:39:00,66,0.7343028926369916,0,-0.11,-0.22,-0.11
2015-09-11 14:44:00,67,0.7195103511114727,0,-0.11,-0.22,-0.11
2015-09-11 14:54:00,66,0.7239589794003933,0,-0.11,-0.22,-0.11
2015-09-11 14:59:00,65,0.7441019722152685,0,-0.11,-0.22,-0.11
2015-09-11 15:09:00,69,0.7451031010985462,0,-0.11,-0.22,-0.11
2015-09-11 15:14:00,69,0.7379113940637737,0,-0.11,-0.22,-0.11
2015-09-11 15:19:00,70,0.7834032810726603,0,-0.11,-0.22,-0.11
2015-09-11 15:24:00,67,0.7163327776540735,0,-0.11,-0.22,-0.11
2015-09-11 15:29:00,68,0.7093837324451076,0,-0.11,-0.22,-0.11
2015-09-11 15:34:00,64,0.8041822045516579,1,1.0,1.0,1.0
2015-09-11 15:39:00,66,0.7209822102454478,1,0.9974673237743696,0.9974673237743696,0.9974673237743695
2015-09-11 15:44:00,66,0.7140091820710878,1,0.9944663453837748,0.9944663453837748,0.9944663453837747
2015-09-11 15:49:00,62,0.8997161907134921,1,0.9909122971351696,0.9909122971351696,0.9909122971351695
2015-09-11 15:54:00,66,0.7098037924003119,1,0.9867058058954474,0.9867058058954474,0.9867058058954474
2015-09-11 15:59:00,60,0.9522471076078566,1,0.9817306754801916,0.9817306754801916,0.9817306754801916
2015-09-11 16:04:00,66,0.7057032727380896,1,0.9758514550893066,0.9758514550893066,0.9758514550893066
2015-09-11 16:09:00,68,0.7165135407863462,1,0.9689108275010176,0.9689108275010176,0.9689108275010175
2015-09-11 16:14:00,64,0.8029435194987221,1,0.9607268814309669,0.9607268814309669,0.9607268814309669
2015-09-11 16:19:00,66,0.7020688581064715,1,0.9510903752891,0.9510903752891,0.9510903752891001
2015-09-11 16:24:00,60,0.9442499144265464,1,0.939762157354885,0.939762157354885,0.939762157354885
2015-09-11 16:29:00,70,0.7979958410167699,1,0.9264709826944568,0.9264709826944568,0.9264709826944568
2015-09-11 16:34:00,65,0.7355757858591483,1,0.9109120614477282,0.9109120614477282,0.9109120614477282
2015-09-11 16:39:00,59,0.9557020756194288,1,0.8927467855469282,0.8927467855469282,0.8927467855469282
2015-09-11 16:44:00,23,0.9756444903054328,1,0.8716042063328711,0.8716042063328711,0.8716042063328711
2015-09-11 16:49:00,52,0.9757623691126358,1,0.8470849618628639,0.8470849618628639,0.8470849618628639
2015-09-11 16:54:00,56,0.9665767110840724,1,0.8187684579182891,0.8187684579182891,0.8187684579182891
2015-09-11 16:59:00,67,0.716730730852521,1,0.7862241558438429,0.7862241558438429,0.7862241558438429
2015-09-11 17:04:00,63,0.8641157256507842,1,0.7490277640043964,0.7490277640043964,0.7490277640043964
2015-09-11 17:09:00,61,0.9187785512881064,1,0.7067829063330667,0.7067829063330667,0.7067829063330667
2015-09-11 17:14:00,65,0.7429535183017898,1,0.6591483866450579,0.6591483866450579,0.6591483866450579
2015-09-11 17:19:00,63,0.8557598973124761,1,0.605870432503202,0.605870432503202,0.605870432503202
2015-09-11 17:24:00,62,0.8847472551788469,1,0.5468182846288978,0.5468182846288978,0.5468182846288978
2015-09-11 17:29:00,66,0.7134292403788469,1,0.4820202769740843,0.4820202769740843,0.48202027697408434
2015-09-11 17:34:00,62,0.8770797995644921,1,0.4116963226465555,0.4116963226465555,0.41169632264655553
2015-09-11 17:39:00,70,0.8129870819083695,1,0.3362817953471616,0.3362817953471616,0.3362817953471616
2015-09-11 17:44:00,68,0.7440376586613763,1,0.2564375619608148,0.2564375619608148,0.2564375619608148
2015-09-11 17:49:00,69,0.7627683660871392,1,0.1730417302911223,0.1730417302911223,0.1730417302911223
2015-09-11 17:54:00,69,0.755400006402481,1,0.08716068383412914,0.08716068383412914,0.08716068383412914
2015-09-11 17:59:00,69,0.7481053303146693,0,-0.009795412917274829,-0.019590825834549658,-0.00979541291727483
2015-09-11 18:04:00,64,0.8044862489546801,0,-0.019436697459237925,-0.03887339491847585,-0.019436697459237925
2015-09-11 18:09:00,68,0.7293172315633418,0,-0.028779275663155468,-0.057558551326310936,-0.02877927566315547
2015-09-11 18:11:00,70,0.7961939352382569,0,-0.03769643976620059,-0.07539287953240117,-0.03769643976620059
2015-09-11 18:16:00,65,0.7507510801741871,0,-0.04608547558222279,-0.09217095116444557,-0.04608547558222279
2015-09-11 18:21:00,70,0.7902222954929977,0,-0.05387106904711034,-0.10774213809422067,-0.05387106904711034
2015-09-11 18:26:00,67,0.7296671625055129,0,-0.06100596945843206,-0.12201193891686413,-0.06100596945843206
2015-09-11 18:31:00,64,0.7998373559909907,0,-0.06746929864349208,-0.13493859728698415,-0.06746929864349208
2015-09-11 18:36:00,67,0.7250573261510623,0,-0.07326315298542402,-0.14652630597084804,-0.07326315298542403
2015-09-11 18:41:00,67,0.7180198713115963,0,-0.0784082268753388,-0.1568164537506776,-0.0784082268753388
2015-09-11 18:51:00,68,0.7201719914280937,0,-0.0829391237519836,-0.1658782475039672,-0.0829391237519836
2015-09-11 18:56:00,68,0.7131585861154114,0,-0.08689987129554172,-0.17379974259108347,-0.08689987129554173
2015-09-11 19:01:00,68,0.7062153148558558,0,-0.09033997785319556,-0.18067995570639114,-0.09033997785319557
2015-09-11 19:26:00,63,0.8496511316718018,0,-0.09331120039532642,-0.18662240079065284,-0.09331120039532642
2015-09-11 19:41:00,62,0.8786728437366194,0,-0.0958650635622034,-0.1917301271244068,-0.09586506356220341
2015-09-11 19:46:00,69,0.7361730906738387,0,-0.09805108145081906,-0.19610216290163807,-0.09805108145081906
2015-09-11 20:01:00,61,0.9077098225009956,0,-0.09991558475736836,-0.19983116951473676,-0.09991558475736836
2015-09-11 20:06:00,58,0.9643768076499372,0,-0.10150103674500907,-0.20300207349001811,-0.10150103674500907
2015-09-11 20:16:00,61,0.8995193388326748,0,-0.10284572233851716,-0.2056914446770343,-0.10284572233851715
2015-09-11 20:26:00,63,0.8399492170564133,0,-0.10398370690483977,-0.20796741380967956,-0.10398370690483977
2015-09-11 20:36:00,62,0.8581511002796143,0,-0.10494497861979436,-0.20988995723958875,-0.10494497861979436
2015-09-11 20:46:00,66,0.7406567748055238,0,-0.1057557066006469,-0.2115114132012938,-0.1057557066006469
2015-09-11 20:51:00,65,0.7636696560639429,0,-0.1064385638365199,-0.2128771276730398,-0.1064385638365199
2015-09-11 21:01:00,60,0.9246569362300494,0,-0.10701307827237624,-0.2140261565447525,-0.10701307827237624
2015-09-11 21:21:00,64,0.7993525643525767,0,-0.10749598689954264,-0.21499197379908527,-0.10749598689954264
2015-09-11 21:51:00,59,0.9419251705485168,0,-0.1079015765300936,-0.2158031530601872,-0.1079015765300936
2015-09-11 21:56:00,56,0.961681432048091,0,-0.1082420014507156,-0.2164840029014312,-0.1082420014507156
2015-09-11 21:59:00,47,0.9740844362740204,0,-0.10852757279665734,-0.21705514559331468,-0.10852757279665734
2015-09-11 22:16:00,60,0.9122411356705226,0,-0.1087670176754879,-0.2175340353509758,-0.1087670176754879
2015-09-11 22:41:00,56,0.9526220643372144,0,-0.10896770816750227,-0.21793541633500454,-0.10896770816750229
2015-09-11 23:41:00,57,0.9478001229339664,0,-0.10913586163255802,-0.218271723265116,-0.10913586163255799
2015-09-12 00:16:00,79,0.9744914540118084,0,-0.10927671449509453,-0.21855342899018906,-0.10927671449509452
2015-09-12 00:46:00,62,0.8593845243408692,0,-0.10939467203659546,-0.21878934407319087,-0.10939467203659546
2015-09-12 02:56:00,64,0.8044129163172052,0,-0.10949343682772288,-0.21898687365544575,-0.10949343682772289
2015-09-12 03:41:00,58,0.9423745056878676,0,-0.10957611837406796,-0.21915223674813591,-0.10957611837406796
2015-09-12 05:06:00,78,0.9688160843217216,0,-0.10964532639532422,-0.21929065279064844,-0.10964532639532422
2015-09-12 06:51:00,75,0.9673612076644929,0,-0.10970324995242696,-0.21940649990485392,-0.10970324995242696
2015-09-12 07:11:00,71,0.8904104503230557,0,-0.10975172441055477,-0.2195034488211095,-0.10975172441055475
2015-09-12 07:41:00,70,0.8228746545628987,0,-0.10979228799693766,-0.21958457599387526,-0.10979228799693766
2015-09-12 07:51:00,73,0.9363421643628896,0,-0.10982622949281798,-0.219652458985636,-0.10982622949281798
2015-09-12 08:01:00,70,0.8162647867707036,0,-0.10985462839524666,-0.21970925679049333,-0.10985462839524666
2015-09-12 08:16:00,70,0.8082814881209293,0,-0.1098783886998768,-0.2197567773997536,-0.1098783886998768
2015-09-12 08:46:00,80,0.966211585438404,0,-0.10989826729154456,-0.2197965345830891,-0.10989826729154455
2015-09-12 08:56:00,66,0.7728758285877199,0,-0.10991489778485863,-0.2198297955697173,-0.10991489778485865
2015-09-12 09:16:00,68,0.7637639310672989,0,-0.10992881053110083,-0.21985762106220166,-0.10992881053110082
2015-09-12 09:21:00,76,0.9652407172488474,0,-0.10994044939889597,-0.21988089879779196,-0.10994044939889597
2015-09-12 09:26:00,66,0.7684384335538158,0,-0.10995018584259596,-0.21990037168519194,-0.10995018584259597
2015-09-12 09:56:00,69,0.7722556324981358,0,-0.10995833069235847,-0.21991666138471694,-0.10995833069235847
2015-09-12 10:06:00,69,0.7647924001493676,0,-0.10996514403179744,-0.21993028806359488,-0.10996514403179744
2015-09-12 10:16:00,70,0.7998085438445129,0,-0.10997084347125743,-0.21994168694251487,-0.10997084347125743
2015-09-12 10:46:00,72,0.9181147182454206,0,-0.10997561107579304,-0.21995122215158605,-0.10997561107579303
2015-09-12 10:51:00,67,0.7640210570432588,0,-0.10997959916555347,-0.21995919833110694,-0.10997959916555348
2015-09-12 10:56:00,71,0.8634738026515121,0,-0.10998293517136112,-0.21996587034272225,-0.10998293517136111
2015-09-12 11:06:00,64,0.8254859015059073,0,-0.10998572569886343,-0.21997145139772686,-0.10998572569886343
2015-09-12 11:31:00,67,0.7608988108454646,0,-0.10998805992989501,-0.21997611985979,-0.10998805992989501
2015-09-12 11:41:00,75,0.9537114861481624,0,-0.10999001246888546,-0.2199800249377709,-0.10999001246888546
2015-09-12 11:46:00,68,0.7549783858979183,0,-0.10999164572468112,-0.21998329144936227,-0.10999164572468113
2015-09-12 12:06:00,67,0.7521424337770951,0,-0.10999301190348568,-0.21998602380697135,-0.10999301190348569
2015-09-12 12:11:00,71,0.8608955378710065,0,-0.10999415467632598,-0.219988309352652,-0.10999415467632598
2015-09-12 12:16:00,65,0.7950267610561251,0,-0.10999511057413712,-0.21999022114827427,-0.10999511057413713
2015-09-12 12:26:00,67,0.7482695194646707,0,-0.1099959101549179,-0.2199918203098358,-0.1099959101549179
2015-09-12 12:31:00,77,0.9609678347458298,0,-0.10999657898016604,-0.21999315796033206,-0.10999657898016602
2015-09-12 12:36:00,67,0.7433304139339314,0,-0.10999713843173738,-0.21999427686347475,-0.10999713843173738
2015-09-12 12:46:00,67,0.7361102282166366,0,-0.10999760639519393,-0.21999521279038786,-0.10999760639519393
2015-09-12 12:51:00,68,0.740537050069874,0,-0.10999799783145156,-0.2199959956629031,-0.10999799783145155
2015-09-12 13:06:00,70,0.8032614240898843,0,-0.10999832525497953,-0.21999665050995906,-0.10999832525497952
2015-09-12 13:11:00,67,0.7280987425369497,0,-0.1099985991338226,-0.2199971982676452,-0.1099985991338226
2015-09-12 13:16:00,62,0.8857082400001276,0,-0.1099988282242231,-0.2199976564484462,-0.1099988282242231
2015-09-12 13:21:00,67,0.7235589752963103,0,-0.10999901985053273,-0.21999803970106546,-0.10999901985053273
2015-09-12 13:36:00,67,0.7165365039653918,0,-0.10999918013935747,-0.21999836027871494,-0.10999918013935749
2015-09-12 13:41:00,65,0.7984133452542602,0,-0.10999931421541764,-0.21999862843083529,-0.10999931421541763
2015-09-12 14:16:00,73,0.9310544981311332,0,-0.10999942636538193,-0.21999885273076386,-0.10999942636538193
2015-09-12 14:21:00,69,0.7700104633240857,0,-0.10999952017491196,-0.21999904034982395,-0.10999952017491196
2015-09-12 14:31:00,70,0.8014970276666082,0,-0.10999959864329696,-0.21999919728659392,-0.10999959864329696
2015-09-12 14:41:00,70,0.7936614066078749,0,-0.10999966427934324,-0.21999932855868648,-0.10999966427934324
2015-09-12 14:56:00,69,0.7554542201748291,0,-0.10999971918158333,-0.21999943836316666,-0.10999971918158333
2015-09-12 15:01:00,72,0.9045345266197364,0,-0.1099997651053686,-0.2199995302107372,-0.10999976510536859
2015-09-12 15:11:00,70,0.782796987513341,0,-0.10999980351899057,-0.2199996070379811,-0.10999980351899055
2015-09-12 15:16:00,64,0.8398729713718247,0,-0.10999983565062453,-0.21999967130124906,-0.10999983565062453
2015-09-12 15:21:00,68,0.7341053798867125,0,-0.10999986252759668,-0.21999972505519336,-0.10999986252759669
2015-09-12 15:31:00,66,0.7628485228150307,0,-0.10999988500922964,-0.2199997700184593,-0.10999988500922965
2015-09-12 15:36:00,72,0.8975124388119207,0,-0.10999990381431672,-0.2199998076286334,-0.10999990381431671
2015-09-12 15:41:00,71,0.8417225718527298,0,-0.1099999195441033,-0.2199998390882066,-0.1099999195441033
2015-09-12 15:46:00,68,0.7330418159465786,0,-0.10999993270151008,-0.21999986540302016,-0.10999993270151008
2015-09-12 15:51:00,66,0.7608146106523213,0,-0.11,-0.22,-0.11
2015-09-12 15:56:00,70,0.7795652523909303,0,-0.11,-0.22,-0.11
2015-09-12 16:01:00,68,0.7285591097965873,0,-0.11,-0.22,-0.11
2015-09-12 16:11:00,65,0.8014858924800551,0,-0.11,-0.22,-0.11
2015-09-12 16:16:00,72,0.8869126212104247,0,-0.11,-0.22,-0.11
2015-09-12 16:21:00,65,0.7955569962890152,0,-0.11,-0.22,-0.11
2015-09-12 16:31:00,71,0.8316114678640757,0,-0.11,-0.22,-0.11
2015-09-12 16:36:00,65,0.7897105563714448,0,-0.11,-0.22,-0.11
2015-09-12 16:41:00,64,0.8304590202419629,0,-0.11,-0.22,-0.11
2015-09-12 16:46:00,69,0.7549488319955611,0,-0.11,-0.22,-0.11
2015-09-12 16:51:00,68,0.7326240110257429,0,-0.11,-0.22,-0.11
2015-09-12 16:56:00,72,0.8780693208484414,0,-0.11,-0.22,-0.11
2015-09-12 17:01:00,71,0.8238427078022571,0,-0.11,-0.22,-0.11
2015-09-12 17:06:00,69,0.7474552839002588,0,-0.11,-0.22,-0.11
2015-09-12 17:21:00,71,0.8161491820944256,0,-0.11,-0.22,-0.11
2015-09-12 17:46:00,69,0.7413773241169029,0,-0.11,-0.22,-0.11
2015-09-12 18:21:00,73,0.9091535188866589,0,-0.11,-0.22,-0.11
2015-09-12 18:41:00,70,0.7628297744561177,0,-0.11,-0.22,-0.11
2015-09-12 19:01:00,68,0.7299203807553444,0,-0.11,-0.22,-0.11
2015-09-12 19:21:00,62,0.9052304341432466,0,-0.11,-0.22,-0.11
2015-09-12 19:26:00,69,0.7324287428133941,0,-0.11,-0.22,-0.11
2015-09-12 19:46:00,72,0.860574032291997,0,-0.11,-0.22,-0.11
2015-09-12 19:51:00,65,0.8021263546430301,0,-0.11,-0.22,-0.11
2015-09-12 20:06:00,60,0.9415243487294522,0,-0.11,-0.22,-0.11
2015-09-12 20:31:00,62,0.8983628426312223,0,-0.11,-0.22,-0.11
2015-09-12 20:51:00,66,0.7769134088577119,0,-0.11,-0.22,-0.11
2015-09-12 21:21:00,68,0.7333448595381751,0,-0.11,-0.22,-0.11
2015-09-12 21:36:00,63,0.8755650301211609,0,-0.11,-0.22,-0.11
2015-09-12 21:51:00,70,0.7678812435966795,0,-0.11,-0.22,-0.11
2015-09-12 22:46:00,74,0.9396968701867012,0,-0.11,-0.22,-0.11
2015-09-12 23:01:00,62,0.8881691147811499,0,-0.11,-0.22,-0.11
2015-09-12 23:06:00,59,0.9488211786466688,0,-0.11,-0.22,-0.11
2015-09-12 23:31:00,59,0.9395406302686328,0,-0.11,-0.22,-0.11
2015-09-13 06:31:00,62,0.8810677843013823,0,-0.11,-0.22,-0.11
2015-09-13 07:51:00,70,0.7710267978365867,0,-0.11,-0.22,-0.11
2015-09-13 08:01:00,62,0.8734943568834342,0,-0.11,-0.22,-0.11
2015-09-13 08:26:00,67,0.7646565837424268,0,-0.11,-0.22,-0.11
2015-09-13 09:21:00,69,0.7454837246745667,0,-0.11,-0.22,-0.11
2015-09-13 09:26:00,72,0.8673298940331291,0,-0.11,-0.22,-0.11
2015-09-13 09:41:00,67,0.7603479910025673,0,-0.11,-0.22,-0.11
2015-09-13 10:06:00,69,0.7416649561698273,0,-0.11,-0.22,-0.11
2015-09-13 10:11:00,72,0.8609200359117146,0,-0.11,-0.22,-0.11
2015-09-13 10:16:00,65,0.8173588620747652,0,-0.11,-0.22,-0.11
2015-09-13 10:46:00,76,0.959207382553876,0,-0.11,-0.22,-0.11
2015-09-13 10:51:00,67,0.7593396371558682,0,-0.11,-0.22,-0.11
2015-09-13 10:56:00,72,0.8559818520362722,0,-0.11,-0.22,-0.11
2015-09-13 11:06:00,70,0.7712366358206572,0,-0.11,-0.22,-0.11
2015-09-13 11:11:00,65,0.814805253628335,0,-0.11,-0.22,-0.11
2015-09-13 11:26:00,71,0.8095511608570132,0,-0.11,-0.22,-0.11
2015-09-13 11:31:00,69,0.7447721714266653,0,-0.11,-0.22,-0.11
2015-09-13 11:46:00,64,0.8481817244319405,0,-0.11,-0.22,-0.11
2015-09-13 11:51:00,67,0.7625646634017098,0,-0.11,-0.22,-0.11
2015-09-13 11:56:00,69,0.7410731239214401,0,-0.11,-0.22,-0.11
2015-09-13 12:06:00,66,0.7845404821665224,0,-0.11,-0.22,-0.11
2015-09-13 12:21:00,73,0.8976838078481658,0,-0.11,-0.22,-0.11
2015-09-13 12:26:00,70,0.7632368397685569,0,-0.11,-0.22,-0.11
2015-09-13 12:31:00,66,0.7808649544620581,0,-0.11,-0.22,-0.11
2015-09-13 12:41:00,66,0.7732930988455319,0,-0.11,-0.22,-0.11
2015-09-13 12:53:00,66,0.7657969617851708,0,-0.11,-0.22,-0.11
2015-09-13 12:58:00,70,0.7621120011019027,0,-0.11,-0.22,-0.11
2015-09-13 13:03:00,67,0.7486510441722914,0,-0.11,-0.22,-0.11
2015-09-13 13:08:00,72,0.8512689375352159,0,-0.11,-0.22,-0.11
2015-09-13 13:13:00,69,0.7420764251753427,0,-0.11,-0.22,-0.11
2015-09-13 13:18:00,66,0.7612213047538591,0,-0.11,-0.22,-0.11
2015-09-13 13:23:00,68,0.7437830645559232,0,-0.11,-0.22,-0.11
2015-09-13 13:28:00,65,0.7993744725026162,0,-0.11,-0.22,-0.11
2015-09-13 13:38:00,67,0.7392082656221699,0,-0.11,-0.22,-0.11
2015-09-13 13:43:00,64,0.8489883853859121,0,-0.11,-0.22,-0.11
2015-09-13 13:53:00,66,0.7490327899476034,0,-0.11,-0.22,-0.11
2015-09-13 13:58:00,68,0.7390493040689832,0,-0.11,-0.22,-0.11
2015-09-13 14:13:00,68,0.7318471256298921,0,-0.11,-0.22,-0.11
2015-09-13 14:23:00,67,0.7245375950355236,0,-0.11,-0.22,-0.11
2015-09-13 14:28:00,59,0.9461764798843144,0,-0.11,-0.22,-0.11
2015-09-13 14:38:00,64,0.8460867184927109,0,-0.11,-0.22,-0.11
2015-09-13 14:48:00,67,0.7226198333593341,0,-0.11,-0.22,-0.11
2015-09-13 14:53:00,65,0.7876871771665819,0,-0.11,-0.22,-0.11
2015-09-13 15:13:00,67,0.7170467637506341,0,-0.11,-0.22,-0.11
2015-09-13 15:23:00,66,0.7341072633272351,0,-0.11,-0.22,-0.11
2015-09-13 15:28:00,68,0.7238947885053421,0,-0.11,-0.22,-0.11
2015-09-13 15:33:00,66,0.7283058306172342,0,-0.11,-0.22,-0.11
2015-09-13 15:38:00,72,0.8645737523156357,0,-0.11,-0.22,-0.11
2015-09-13 15:43:00,71,0.8252745862578439,0,-0.11,-0.22,-0.11
2015-09-13 15:48:00,69,0.7500242107085806,0,-0.11,-0.22,-0.11
2015-09-13 16:03:00,61,0.9269798764418672,0,-0.11,-0.22,-0.11
2015-09-13 16:08:00,67,0.710629759935904,0,-0.11,-0.22,-0.11
2015-09-13 16:18:00,66,0.7279030313512104,0,-0.11,-0.22,-0.11
2015-09-13 16:28:00,74,0.9394975392719666,0,-0.11,-0.22,-0.11
2015-09-13 16:48:00,65,0.7821077804203894,0,-0.11,-0.22,-0.11
2015-09-13 16:53:00,69,0.7527979163423022,0,-0.11,-0.22,-0.11
2015-09-13 16:58:00,64,0.8431273838479437,0,-0.11,-0.22,-0.11
2015-09-13 17:03:00,67,0.7091426346283807,0,-0.11,-0.22,-0.11
2015-09-13 17:13:00,69,0.7488604961873376,0,-0.11,-0.22,-0.11
2015-09-13 17:18:00,62,0.9040363390960672,0,-0.11,-0.22,-0.11
2015-09-13 17:23:00,63,0.8800360690928859,0,-0.11,-0.22,-0.11
2015-09-13 17:43:00,73,0.901005662595056,0,-0.11,-0.22,-0.11
2015-09-13 17:48:00,64,0.8350326147201136,0,-0.11,-0.22,-0.11
2015-09-13 17:53:00,67,0.7143933897106439,0,-0.11,-0.22,-0.11
2015-09-13 17:58:00,65,0.7775575080738922,0,-0.11,-0.22,-0.11
2015-09-13 18:08:00,67,0.7089840263305528,0,-0.11,-0.22,-0.11
2015-09-13 18:18:00,65,0.7709250914845025,0,-0.11,-0.22,-0.11
2015-09-13 18:23:00,74,0.9305058667751192,0,-0.11,-0.22,-0.11
2015-09-13 18:33:00,65,0.7656463044061746,0,-0.11,-0.22,-0.11
2015-09-13 18:38:00,70,0.8006589395605693,0,-0.11,-0.22,-0.11
2015-09-13 18:43:00,70,0.7928316993828963,0,-0.11,-0.22,-0.11
2015-09-13 18:48:00,69,0.7542901211016165,0,-0.11,-0.22,-0.11
2015-09-13 18:58:00,69,0.7470065438668134,0,-0.11,-0.22,-0.11
2015-09-13 19:08:00,63,0.8751946131958076,0,-0.11,-0.22,-0.11
2015-09-13 19:13:00,63,0.8666811521079161,0,-0.11,-0.22,-0.11
2015-09-13 19:33:00,65,0.7685152093228435,0,-0.11,-0.22,-0.11
2015-09-13 19:43:00,56,0.9694769885774336,0,-0.11,-0.22,-0.11
2015-09-13 19:48:00,69,0.7491160668045469,0,-0.11,-0.22,-0.11
2015-09-13 20:13:00,63,0.8606980406581359,0,-0.11,-0.22,-0.11
2015-09-13 20:33:00,66,0.7371207377388493,0,-0.11,-0.22,-0.11
2015-09-13 20:43:00,66,0.7299863242895551,0,-0.11,-0.22,-0.11
2015-09-13 20:48:00,64,0.8126713441600197,0,-0.11,-0.22,-0.11
2015-09-13 21:08:00,68,0.7411289137385908,0,-0.11,-0.22,-0.11
2015-09-13 21:28:00,55,0.9678952585813716,0,-0.11,-0.22,-0.11
2015-09-13 22:48:00,75,0.9496830759446022,0,-0.11,-0.22,-0.11
2015-09-13 22:53:00,69,0.7518885554493481,0,-0.11,-0.22,-0.11
2015-09-13 23:33:00,62,0.8917142439363485,0,-0.11,-0.22,-0.11
2015-09-14 00:33:00,68,0.7377072496666024,0,-0.11,-0.22,-0.11
2015-09-14 05:53:00,66,0.7365896369726413,0,-0.11,-0.22,-0.11
2015-09-14 06:18:00,66,0.7294605345310093,0,-0.11,-0.22,-0.11
2015-09-14 06:28:00,75,0.9418877097497406,0,-0.11,-0.22,-0.11
2015-09-14 06:48:00,65,0.7632822844147515,0,-0.11,-0.22,-0.11
2015-09-14 06:53:00,68,0.7377306136721647,0,-0.11,-0.22,-0.11
2015-09-14 06:58:00,71,0.8566392629800739,0,-0.11,-0.22,-0.11
2015-09-14 07:08:00,69,0.7499130401917179,0,-0.11,-0.22,-0.11
2015-09-14 07:28:00,67,0.7249994255969109,0,-0.11,-0.22,-0.11
2015-09-14 07:33:00,68,0.7263425056073025,0,-0.11,-0.22,-0.11
2015-09-14 07:38:00,67,0.7147969586588043,0,-0.11,-0.22,-0.11
2015-09-14 07:48:00,71,0.852019471347263,0,-0.11,-0.22,-0.11
2015-09-14 07:58:00,67,0.7105425903692342,0,-0.11,-0.22,-0.11
2015-09-14 08:13:00,65,0.7692465673739584,0,-0.11,-0.22,-0.11
2015-09-14 08:28:00,66,0.7188998472237718,0,-0.11,-0.22,-0.11
2015-09-14 08:33:00,64,0.8208528940769015,0,-0.11,-0.22,-0.11
2015-09-14 08:48:00,60,0.9489151343335666,0,-0.11,-0.22,-0.11
2015-09-14 08:53:00,69,0.7528020489245622,0,-0.11,-0.22,-0.11
2015-09-14 09:03:00,66,0.7185901199678992,0,-0.11,-0.22,-0.11
2015-09-14 09:08:00,73,0.9135708017650176,0,-0.11,-0.22,-0.11
2015-09-14 09:13:00,70,0.8002639491590999,0,-0.11,-0.22,-0.11
2015-09-14 09:23:00,72,0.8821955488847216,0,-0.11,-0.22,-0.11
2015-09-14 09:28:00,62,0.8994837793132899,0,-0.11,-0.22,-0.11
2015-09-14 09:33:00,70,0.7948985969494159,0,-0.11,-0.22,-0.11
2015-09-14 09:38:00,69,0.7474900113975639,0,-0.11,-0.22,-0.11
2015-09-14 09:43:00,69,0.7402744352598013,0,-0.11,-0.22,-0.11
2015-09-14 09:48:00,69,0.7331310148834165,0,-0.11,-0.22,-0.11
2015-09-14 09:53:00,71,0.8396265657135269,0,-0.11,-0.22,-0.11
2015-09-14 09:58:00,68,0.7253244817583987,0,-0.11,-0.22,-0.11
2015-09-14 10:13:00,63,0.8699245926910582,0,-0.11,-0.22,-0.11
2015-09-14 10:18:00,68,0.7208112944295659,0,-0.11,-0.22,-0.11
2015-09-14 10:23:00,68,0.7137914960868691,0,-0.11,-0.22,-0.11
2015-09-14 10:28:00,66,0.7400788366922112,0,-0.11,-0.22,-0.11
2015-09-14 10:33:00,70,0.7785950255298054,0,-0.11,-0.22,-0.11
2015-09-14 10:43:00,70,0.7709884244924402,0,-0.11,-0.22,-0.11
2015-09-14 10:48:00,65,0.7809619630524696,0,-0.11,-0.22,-0.11
2015-09-14 11:03:00,74,0.9285990635747008,0,-0.11,-0.22,-0.11
2015-09-14 11:13:00,67,0.7241890371457039,0,-0.11,-0.22,-0.11
2015-09-14 11:18:00,64,0.8311965714562657,0,-0.11,-0.22,-0.11
2015-09-14 11:23:00,70,0.7715333478765151,0,-0.11,-0.22,-0.11
2015-09-14 11:28:00,70,0.7639973636156826,0,-0.11,-0.22,-0.11
2015-09-14 11:33:00,66,0.7392811662512894,0,-0.11,-0.22,-0.11
2015-09-14 11:43:00,67,0.7213956112794739,0,-0.11,-0.22,-0.11
2015-09-14 12:03:00,63,0.8689428727657893,0,-0.11,-0.22,-0.11
2015-09-14 12:08:00,70,0.7629213047636094,0,-0.11,-0.22,-0.11
2015-09-14 12:13:00,63,0.8616744689719685,0,-0.11,-0.22,-0.11
2015-09-14 12:23:00,71,0.8278998435923337,0,-0.11,-0.22,-0.11
2015-09-14 12:28:00,62,0.8920904342708658,0,-0.11,-0.22,-0.11
2015-09-14 12:38:00,67,0.7270798560778713,0,-0.11,-0.22,-0.11
2015-09-14 12:43:00,68,0.725323178116357,0,-0.11,-0.22,-0.11
2015-09-14 12:48:00,73,0.9103035812415906,0,-0.11,-0.22,-0.11
2015-09-14 12:53:00,67,0.7193989972822592,0,-0.11,-0.22,-0.11
2015-09-14 13:15:00,65,0.7866380745274603,0,-0.11,-0.22,-0.11
2015-09-14 13:20:00,63,0.8550558427050314,0,-0.11,-0.22,-0.11
2015-09-14 13:25:00,72,0.8785568810916586,0,-0.11,-0.22,-0.11
2015-09-14 13:35:00,65,0.7818344291270325,0,-0.11,-0.22,-0.11
2015-09-14 13:40:00,64,0.8179183651517199,0,-0.11,-0.22,-0.11
2015-09-14 13:45:00,71,0.8277480084024131,0,-0.11,-0.22,-0.11
2015-09-14 13:50:00,66,0.7393243205641467,0,-0.11,-0.22,-0.11
2015-09-14 13:55:00,59,0.9594524816421404,0,-0.11,-0.22,-0.11
2015-09-14 14:15:00,57,0.9678194060813472,0,-0.11,-0.22,-0.11
2015-09-14 14:20:00,66,0.7370181597109224,0,-0.11,-0.22,-0.11
2015-09-14 14:25:00,71,0.8258030190302139,0,-0.11,-0.22,-0.11
2015-09-14 14:35:00,69,0.753065635263715,0,-0.11,-0.22,-0.11
2015-09-14 14:40:00,67,0.7279586603292428,0,-0.11,-0.22,-0.11
2015-09-14 14:45:00,66,0.7313158605150284,0,-0.11,-0.22,-0.11
2015-09-14 14:50:00,67,0.7177173218095192,0,-0.11,-0.22,-0.11
2015-09-14 14:55:00,65,0.7714475050239162,0,-0.11,-0.22,-0.11
2015-09-14 15:00:00,70,0.7773690745392239,0,-0.11,-0.22,-0.11
2015-09-14 15:10:00,66,0.7203848274927833,0,-0.11,-0.22,-0.11
2015-09-14 15:15:00,66,0.7134177731459498,0,-0.11,-0.22,-0.11
2015-09-14 15:20:00,61,0.9339996153613346,0,-0.11,-0.22,-0.11
2015-09-14 15:30:00,68,0.7415206069645388,0,-0.11,-0.22,-0.11
2015-09-14 15:35:00,69,0.7519328280058117,0,-0.11,-0.22,-0.11
2015-09-14 15:40:00,63,0.8619958962341704,0,-0.11,-0.22,-0.11
2015-09-14 15:50:00,67,0.7123426691018155,0,-0.11,-0.22,-0.11
2015-09-14 15:55:00,66,0.7126842564994497,0,-0.11,-0.22,-0.11
2015-09-14 16:00:00,65,0.7634568091419105,0,-0.11,-0.22,-0.11
2015-09-14 16:05:00,67,0.703984045756769,0,-0.11,-0.22,-0.11
2015-09-14 16:20:00,65,0.7571049964612673,0,-0.11,-0.22,-0.11
2015-09-14 16:25:00,66,0.6968516078880127,0,-0.11,-0.22,-0.11
2015-09-14 16:30:00,65,0.7463367263176017,0,-0.11,-0.22,-0.11
2015-09-14 16:35:00,64,0.8122207031415206,0,-0.11,-0.22,-0.11
2015-09-14 16:40:00,66,0.6890058709675724,0,-0.11,-0.22,-0.11
2015-09-14 16:45:00,62,0.8946771545435805,0,-0.11,-0.22,-0.11
2015-09-14 16:50:00,65,0.7348694966780294,0,-0.11,-0.22,-0.11
2015-09-14 16:55:00,67,0.7015852658216408,0,-0.11,-0.22,-0.11
2015-09-14 17:00:00,59,0.9543366548113812,0,-0.11,-0.22,-0.11
2015-09-14 17:05:00,36,0.9728378079995618,0,-0.11,-0.22,-0.11
2015-09-14 17:10:00,21,0.9750025709770458,0,-0.11,-0.22,-0.11
2015-09-14 17:15:00,52,0.9765545380301616,0,-0.11,-0.22,-0.11
2015-09-14 17:20:00,60,0.942267641045144,0,-0.11,-0.22,-0.11
2015-09-14 17:25:00,51,0.9705923815087516,0,-0.11,-0.22,-0.11
2015-09-14 17:30:00,68,0.7550708236333417,0,-0.11,-0.22,-0.11
2015-09-14 17:35:00,60,0.9339528745947692,0,-0.11,-0.22,-0.11
2015-09-14 17:40:00,42,0.9724795628174996,0,-0.11,-0.22,-0.11
2015-09-14 17:45:00,65,0.750112136705139,0,-0.11,-0.22,-0.11
2015-09-14 17:50:00,59,0.9365845258258906,0,-0.11,-0.22,-0.11
2015-09-14 17:55:00,69,0.7854440941677188,0,-0.11,-0.22,-0.11
2015-09-14 18:00:00,68,0.7531472360190952,0,-0.11,-0.22,-0.11
2015-09-14 18:05:00,66,0.7082671479248043,0,-0.11,-0.22,-0.11
2015-09-14 18:10:00,66,0.7014212703736504,0,-0.11,-0.22,-0.11
2015-09-14 18:20:00,66,0.6946438515980081,0,-0.11,-0.22,-0.11
2015-09-14 18:25:00,68,0.7491138099841474,0,-0.11,-0.22,-0.11
2015-09-14 18:30:00,67,0.7036261933447183,0,-0.11,-0.22,-0.11
2015-09-14 18:35:00,67,0.6968030498333158,0,-0.11,-0.22,-0.11
2015-09-14 18:45:00,65,0.7440320353976961,0,-0.11,-0.22,-0.11
2015-09-14 18:50:00,66,0.6811465147643109,0,-0.11,-0.22,-0.11
2015-09-14 19:01:00,68,0.7385648855467178,0,-0.11,-0.22,-0.11
2015-09-14 19:05:00,68,0.7313675512928492,0,-0.11,-0.22,-0.11
2015-09-14 19:15:00,66,0.678207886782603,0,-0.11,-0.22,-0.11
2015-09-14 19:20:00,69,0.775771777782959,0,-0.11,-0.22,-0.11
2015-09-14 19:30:00,64,0.8250272730755748,0,-0.11,-0.22,-0.11
2015-09-14 19:35:00,68,0.7248519721199749,0,-0.11,-0.22,-0.11
2015-09-14 19:45:00,65,0.7362548385119713,0,-0.11,-0.22,-0.11
2015-09-14 20:00:00,65,0.7291393212950262,0,-0.11,-0.22,-0.11
2015-09-14 20:10:00,66,0.6728438721264611,0,-0.11,-0.22,-0.11
2015-09-14 20:15:00,58,0.9538228680162786,0,-0.11,-0.22,-0.11
2015-09-14 20:20:00,71,0.8769634895513463,0,-0.11,-0.22,-0.11
2015-09-14 20:25:00,61,0.9286278091705684,0,-0.11,-0.22,-0.11
2015-09-14 20:30:00,72,0.9077129097350805,0,-0.11,-0.22,-0.11
2015-09-14 20:35:00,64,0.8172847898191604,0,-0.11,-0.22,-0.11
2015-09-14 20:40:00,64,0.8093809894917771,0,-0.11,-0.22,-0.11
2015-09-14 20:45:00,67,0.6999266459739931,0,-0.11,-0.22,-0.11
2015-09-14 20:50:00,65,0.7239459438050954,0,-0.11,-0.22,-0.11
2015-09-14 21:30:00,65,0.7169535155352191,0,-0.11,-0.22,-0.11
2015-09-14 21:35:00,65,0.7100310115480416,0,-0.11,-0.22,-0.11
2015-09-14 21:45:00,74,0.9483285335144824,0,-0.11,-0.22,-0.11
2015-09-14 22:06:00,61,0.9237630795936564,0,-0.11,-0.22,-0.11
2015-09-14 22:21:00,60,0.923398246200821,0,-0.11,-0.22,-0.11
2015-09-14 22:30:00,64,0.7968648426193696,0,-0.11,-0.22,-0.11
2015-09-14 22:40:00,66,0.6820509762701681,0,-0.11,-0.22,-0.11
2015-09-14 22:45:00,66,0.6754672604355606,0,-0.11,-0.22,-0.11
2015-09-14 22:50:00,70,0.8425516129090287,0,-0.11,-0.22,-0.11
2015-09-15 03:45:00,62,0.9032881346310868,0,-0.11,-0.22,-0.11
2015-09-15 04:10:00,64,0.7931216391023576,0,-0.11,-0.22,-0.11
2015-09-15 04:31:00,61,0.9075384709914204,0,-0.11,-0.22,-0.11
2015-09-15 04:55:00,90,0.9679146731269944,0,-0.11,-0.22,-0.11
2015-09-15 05:26:00,60,0.9121839007269416,0,-0.11,-0.22,-0.11
2015-09-15 05:31:00,66,0.6856046786938415,0,-0.11,-0.22,-0.11
2015-09-15 05:41:00,63,0.8624448859960845,0,-0.11,-0.22,-0.11
2015-09-15 05:46:00,76,0.9673039155267792,0,-0.11,-0.22,-0.11
2015-09-15 05:51:00,56,0.9679434776126068,0,-0.11,-0.22,-0.11
2015-09-15 06:05:00,72,0.9122052540105506,0,-0.11,-0.22,-0.11
2015-09-15 06:45:00,66,0.6907897004883587,0,-0.11,-0.22,-0.11
2015-09-15 07:06:00,67,0.7225775357688525,0,-0.11,-0.22,-0.11
2015-09-15 07:11:00,63,0.8600516723495883,0,-0.11,-0.22,-0.11
2015-09-15 07:16:00,67,0.7181561641148344,0,-0.11,-0.22,-0.11
2015-09-15 07:21:00,70,0.8518191090231286,0,-0.11,-0.22,-0.11
2015-09-15 07:26:00,70,0.8434802671508301,0,-0.11,-0.22,-0.11
2015-09-15 07:31:00,71,0.8710929532085624,0,-0.11,-0.22,-0.11
2015-09-15 07:46:00,62,0.8889958186318248,0,-0.11,-0.22,-0.11
2015-09-15 07:51:00,69,0.8111388446109999,0,-0.11,-0.22,-0.11
2015-09-15 07:56:00,67,0.7227561863624673,0,-0.11,-0.22,-0.11
2015-09-15 08:11:00,66,0.6926296468728689,0,-0.11,-0.22,-0.11
2015-09-15 08:21:00,65,0.7301342044549912,0,-0.11,-0.22,-0.11
2015-09-15 08:26:00,61,0.8999110464155807,0,-0.11,-0.22,-0.11
2015-09-15 08:31:00,68,0.7733288696433542,0,-0.11,-0.22,-0.11
2015-09-15 08:41:00,66,0.6877622232115096,0,-0.11,-0.22,-0.11
2015-09-15 08:46:00,67,0.7105118296144707,0,-0.11,-0.22,-0.11
2015-09-15 08:51:00,66,0.6783444692964783,0,-0.11,-0.22,-0.11
2015-09-15 08:56:00,66,0.6717978185316079,0,-0.11,-0.22,-0.11
2015-09-15 09:01:00,70,0.8392913935337325,0,-0.11,-0.22,-0.11
2015-09-15 09:06:00,71,0.8683807795532079,0,-0.11,-0.22,-0.11
2015-09-15 09:16:00,65,0.7247675555299691,0,-0.11,-0.22,-0.11
2015-09-15 09:21:00,63,0.8637627250480766,0,-0.11,-0.22,-0.11
2015-09-15 09:31:00,63,0.8553635828416624,0,-0.11,-0.22,-0.11
2015-09-15 09:36:00,63,0.8470484320573124,0,-0.11,-0.22,-0.11
2015-09-15 09:41:00,62,0.8723021099615966,0,-0.11,-0.22,-0.11
2015-09-15 09:46:00,65,0.7245668747388084,0,-0.11,-0.22,-0.11
2015-09-15 09:51:00,61,0.8923872210625049,0,-0.11,-0.22,-0.11
2015-09-15 10:01:00,72,0.9074842093731637,0,-0.11,-0.22,-0.11
2015-09-15 10:16:00,67,0.7219239549562433,0,-0.11,-0.22,-0.11
2015-09-15 10:26:00,66,0.6810765912612906,0,-0.11,-0.22,-0.11
2015-09-15 10:31:00,74,0.949188380232738,0,-0.11,-0.22,-0.11
2015-09-15 10:36:00,66,0.6774904966105153,0,-0.11,-0.22,-0.11
2015-09-15 10:41:00,70,0.8421643019478164,0,-0.11,-0.22,-0.11
2015-09-15 10:46:00,67,0.7138532939037094,0,-0.11,-0.22,-0.11
2015-09-15 11:06:00,68,0.7803402508213986,0,-0.11,-0.22,-0.11
2015-09-15 11:11:00,66,0.6730874795644655,0,-0.11,-0.22,-0.11
2015-09-15 11:16:00,65,0.7234033493547415,0,-0.11,-0.22,-0.11
2015-09-15 11:21:00,60,0.9169340118765082,0,-0.11,-0.22,-0.11
2015-09-15 11:31:00,66,0.6671312613770266,0,-0.11,-0.22,-0.11
2015-09-15 11:36:00,67,0.7022309019246435,0,-0.11,-0.22,-0.11
2015-09-15 11:41:00,66,0.6581240636025015,0,-0.11,-0.22,-0.11
2015-09-15 11:46:00,67,0.6925015457971714,0,-0.11,-0.22,-0.11
2015-09-15 11:51:00,66,0.6492961090636896,0,-0.11,-0.22,-0.11
2015-09-15 11:56:00,67,0.6829658038566357,0,-0.11,-0.22,-0.11
2015-09-15 12:06:00,69,0.8260215003744751,0,-0.11,-0.22,-0.11
2015-09-15 12:11:00,69,0.8180206093469434,0,-0.11,-0.22,-0.11
2015-09-15 12:16:00,71,0.8738511222218747,0,-0.11,-0.22,-0.11
2015-09-15 12:21:00,64,0.8139944080249609,0,-0.11,-0.22,-0.11
2015-09-15 12:26:00,69,0.8121488963686946,0,-0.11,-0.22,-0.11
2015-09-15 12:31:00,68,0.7620873700888042,0,-0.11,-0.22,-0.11
2015-09-15 12:36:00,67,0.684562220733062,0,-0.11,-0.22,-0.11
2015-09-15 12:41:00,66,0.6550667831451534,0,-0.11,-0.22,-0.11
2015-09-15 12:46:00,68,0.7521832197906473,0,-0.11,-0.22,-0.11
2015-09-15 12:51:00,72,0.9078304259798292,0,-0.11,-0.22,-0.11
2015-09-15 12:56:00,66,0.6541406537914239,0,-0.11,-0.22,-0.11
2015-09-15 13:01:00,62,0.8867691841033247,0,-0.11,-0.22,-0.11
2015-09-15 13:06:00,71,0.8678238417183207,0,-0.11,-0.22,-0.11
2015-09-15 13:11:00,74,0.9460075783553544,0,-0.11,-0.22,-0.11
2015-09-15 13:16:00,65,0.7309175600110593,0,-0.11,-0.22,-0.11
2015-09-15 13:21:00,61,0.8994214635506219,0,-0.11,-0.22,-0.11
2015-09-15 13:26:00,63,0.8605508351845234,1,1.0,1.0,1.0
2015-09-15 13:31:00,66,0.6613065528316994,1,0.9974673237743696,0.9974673237743696,0.9974673237743695
2015-09-15 13:36:00,63,0.8533656044230228,1,0.9944663453837748,0.9944663453837748,0.9944663453837747
2015-09-15 13:41:00,60,0.916737261556239,1,0.9909122971351696,0.9909122971351696,0.9909122971351695
2015-09-15 13:46:00,59,0.9380147786676338,1,0.9867058058954474,0.9867058058954474,0.9867058058954474
2015-09-15 13:51:00,60,0.9027170478295468,1,0.9817306754801916,0.9817306754801916,0.9817306754801916
2015-09-15 13:54:00,56,0.9677287173693796,1,0.9758514550893066,0.9758514550893066,0.9758514550893066
2015-09-15 13:59:00,49,0.976092730189574,1,0.9689108275010176,0.9689108275010176,0.9689108275010175
2015-09-15 14:04:00,43,0.9708610827309844,1,0.9607268814309669,0.9607268814309669,0.9607268814309669
2015-09-15 14:09:00,59,0.9252161412333959,1,0.9510903752891,0.9510903752891,0.9510903752891001
2015-09-15 14:14:00,51,0.9709690199869682,1,0.939762157354885,0.939762157354885,0.939762157354885
2015-09-15 14:19:00,42,0.9647729359747844,1,0.9264709826944568,0.9264709826944568,0.9264709826944568
2015-09-15 14:24:00,25,0.9749994655517399,1,0.9109120614477282,0.9109120614477282,0.9109120614477282
2015-09-15 14:29:00,10,0.9704076716953228,1,0.8927467855469282,0.8927467855469282,0.8927467855469282
2015-09-15 14:34:00,8,0.9673255741529172,1,0.8716042063328711,0.8716042063328711,0.8716042063328711
2015-09-15 14:39:00,46,0.973532290699905,1,0.8470849618628639,0.8470849618628639,0.8470849618628639
2015-09-15 14:44:00,65,0.7561706567635536,1,0.8187684579182891,0.8187684579182891,0.8187684579182891
2015-09-15 14:49:00,68,0.7919707527583415,1,0.7862241558438429,0.7862241558438429,0.7862241558438429
2015-09-15 14:54:00,67,0.7224792318256683,1,0.7490277640043964,0.7490277640043964,0.7490277640043964
2015-09-15 14:59:00,64,0.8272001193940075,1,0.7067829063330667,0.7067829063330667,0.7067829063330667
2015-09-15 15:04:00,67,0.7180124352917465,1,0.6591483866450579,0.6591483866450579,0.6591483866450579
2015-09-15 15:09:00,62,0.8818792429021896,1,0.605870432503202,0.605870432503202,0.605870432503202
2015-09-15 15:14:00,66,0.6945127101828686,1,0.5468182846288978,0.5468182846288978,0.5468182846288978
2015-09-15 15:24:00,68,0.7813132684416718,1,0.4820202769740843,0.4820202769740843,0.48202027697408434
2015-09-15 15:34:00,65,0.7507231628115558,1,0.4116963226465555,0.4116963226465555,0.41169632264655553
2015-09-15 15:39:00,65,0.7434629623516152,1,0.3362817953471616,0.3362817953471616,0.3362817953471616
2015-09-15 15:44:00,68,0.7775555231937188,1,0.2564375619608148,0.2564375619608148,0.2564375619608148
2015-09-15 15:49:00,66,0.6855789826908752,1,0.1730417302911223,0.1730417302911223,0.1730417302911223
2015-09-15 15:54:00,64,0.8167454396327946,1,0.08716068383412914,0.08716068383412914,0.08716068383412914
2015-09-15 15:59:00,64,0.8088470328072749,0,-0.009795412917274829,-0.019590825834549658,-0.00979541291727483
2015-09-15 16:04:00,63,0.8504255470249379,0,-0.019436697459237925,-0.03887339491847585,-0.019436697459237925
2015-09-15 16:09:00,63,0.8421597765987551,0,-0.028779275663155468,-0.057558551326310936,-0.02877927566315547
2015-09-15 16:14:00,67,0.7149344626606664,0,-0.03769643976620059,-0.07539287953240117,-0.03769643976620059
2015-09-15 16:19:00,63,0.8353840849742438,0,-0.04608547558222279,-0.09217095116444557,-0.04608547558222279
2015-09-15 16:24:00,66,0.6883027963859228,0,-0.05387106904711034,-0.10774213809422067,-0.05387106904711034
2015-09-15 16:29:00,67,0.70759258786289,0,-0.06100596945843206,-0.12201193891686413,-0.06100596945843206
2015-09-15 16:34:00,65,0.7319608486948823,0,-0.06746929864349208,-0.13493859728698415,-0.06746929864349208
2015-09-15 16:39:00,65,0.7248882713761081,0,-0.07326315298542402,-0.14652630597084804,-0.07326315298542403
2015-09-15 16:44:00,64,0.7858250004370887,0,-0.0784082268753388,-0.1568164537506776,-0.0784082268753388
2015-09-15 16:49:00,69,0.8434963800190993,0,-0.0829391237519836,-0.1658782475039672,-0.0829391237519836
2015-09-15 16:54:00,65,0.7173309883164392,0,-0.08689987129554172,-0.17379974259108347,-0.08689987129554173
2015-09-15 16:59:00,65,0.7104047096014494,0,-0.09033997785319556,-0.18067995570639114,-0.09033997785319557
2015-09-15 17:04:00,62,0.8729452097849496,0,-0.09331120039532642,-0.18662240079065284,-0.09331120039532642
2015-09-15 17:09:00,57,0.963504783234514,0,-0.0958650635622034,-0.1917301271244068,-0.09586506356220341
2015-09-15 17:14:00,52,0.9699524099193532,0,-0.09805108145081906,-0.19610216290163807,-0.09805108145081906
2015-09-15 17:19:00,51,0.960508527304172,0,-0.09991558475736836,-0.19983116951473676,-0.09991558475736836
2015-09-15 17:24:00,62,0.8678754230853774,0,-0.10150103674500907,-0.20300207349001811,-0.10150103674500907
2015-09-15 17:29:00,59,0.9328426538352708,0,-0.10284572233851716,-0.2056914446770343,-0.10284572233851715
2015-09-15 17:39:00,68,0.7916365819800149,0,-0.10398370690483977,-0.20796741380967956,-0.10398370690483977
2015-09-15 17:44:00,64,0.7840833938572686,0,-0.10494497861979436,-0.20988995723958875,-0.10494497861979436
2015-09-15 17:49:00,65,0.718701173624087,0,-0.1057557066006469,-0.2115114132012938,-0.1057557066006469
2015-09-15 17:54:00,66,0.6910821844057332,0,-0.1064385638365199,-0.2128771276730398,-0.1064385638365199
2015-09-15 17:59:00,67,0.7239619963642299,0,-0.10701307827237624,-0.2140261565447525,-0.10701307827237624
2015-09-15 18:04:00,63,0.8268568034469549,0,-0.10749598689954264,-0.21499197379908527,-0.10749598689954264
2015-09-15 18:14:00,59,0.9266953843400456,0,-0.1079015765300936,-0.2158031530601872,-0.1079015765300936
2015-09-15 18:19:00,68,0.7883143082978196,0,-0.1082420014507156,-0.2164840029014312,-0.1082420014507156
2015-09-15 18:24:00,66,0.6891089511170693,0,-0.10852757279665734,-0.21705514559331468,-0.10852757279665734
2015-09-15 18:29:00,66,0.682454655533993,0,-0.1087670176754879,-0.2175340353509758,-0.1087670176754879
2015-09-15 18:34:00,65,0.7106784176698204,0,-0.10896770816750227,-0.21793541633500454,-0.10896770816750229
2015-09-15 18:39:00,64,0.7738659616884164,0,-0.10913586163255802,-0.218271723265116,-0.10913586163255799
2015-09-15 18:44:00,70,0.8900645488183101,0,-0.10927671449509453,-0.21855342899018906,-0.10927671449509452
2015-09-15 18:49:00,67,0.7191545975439749,0,-0.10939467203659546,-0.21878934407319087,-0.10939467203659546
2015-09-15 18:54:00,63,0.8241112715026464,0,-0.10949343682772288,-0.21898687365544575,-0.10949343682772289
2015-09-15 19:04:00,64,0.7668736957882122,0,-0.10957611837406796,-0.21915223674813591,-0.10957611837406796
2015-09-15 19:09:00,65,0.7036546152651387,0,-0.10964532639532422,-0.21929065279064844,-0.10964532639532422
2015-09-15 19:14:00,64,0.7559368689878143,0,-0.10970324995242696,-0.21940649990485392,-0.10970324995242696
2015-09-15 19:19:00,60,0.9141618948956278,0,-0.10975172441055477,-0.2195034488211095,-0.10975172441055475
2015-09-15 19:24:00,65,0.6967116526225071,0,-0.10979228799693766,-0.21958457599387526,-0.10979228799693766
2015-09-15 19:29:00,69,0.8522166984763567,0,-0.10982622949281798,-0.219652458985636,-0.10982622949281798
2015-09-15 19:34:00,63,0.8122158478878881,0,-0.10985462839524666,-0.21970925679049333,-0.10985462839524666
2015-09-15 19:39:00,59,0.9200723188855509,0,-0.1098783886998768,-0.2197567773997536,-0.1098783886998768
2015-09-15 19:44:00,69,0.8467529020734011,0,-0.10989826729154456,-0.2197965345830891,-0.10989826729154455
2015-09-15 19:49:00,60,0.9029483450544962,0,-0.10991489778485863,-0.2198297955697173,-0.10991489778485865
2015-09-15 19:54:00,60,0.8941082384738149,0,-0.10992881053110083,-0.21985762106220166,-0.10992881053110082
2015-09-15 19:59:00,59,0.9017553936428688,0,-0.10994044939889597,-0.21988089879779196,-0.10994044939889597
2015-09-15 20:09:00,62,0.8646998039113318,0,-0.10995018584259596,-0.21990037168519194,-0.10995018584259597
2015-09-15 20:14:00,61,0.8837680207051445,0,-0.10995833069235847,-0.21991666138471694,-0.10995833069235847
2015-09-15 20:24:00,58,0.9329574765610298,0,-0.10996514403179744,-0.21993028806359488,-0.10996514403179744
2015-09-15 20:29:00,63,0.8102751363641819,0,-0.10997084347125743,-0.21994168694251487,-0.10997084347125743
2015-09-15 20:34:00,65,0.7173976966743969,0,-0.10997561107579304,-0.21995122215158605,-0.10997561107579303
2015-09-15 20:49:00,57,0.9505003841223488,0,-0.10997959916555347,-0.21995919833110694,-0.10997959916555348
2015-09-15 20:54:00,62,0.8507529364970771,0,-0.10998293517136112,-0.21996587034272225,-0.10998293517136111
2015-09-15 20:59:00,62,0.8424178227714658,0,-0.10998572569886343,-0.21997145139772686,-0.10998572569886343
2015-09-15 21:04:00,62,0.8341660601831107,0,-0.10998805992989501,-0.21997611985979,-0.10998805992989501
2015-09-15 21:19:00,64,0.760421395150653,0,-0.10999001246888546,-0.2199800249377709,-0.10999001246888546
2015-09-15 21:29:00,63,0.7888909977355983,0,-0.10999164572468112,-0.21998329144936227,-0.10999164572468113
2015-09-15 22:09:00,57,0.9427761860244492,0,-0.10999301190348568,-0.21998602380697135,-0.10999301190348569
2015-09-15 22:34:00,59,0.8928052189852529,0,-0.10999415467632598,-0.219988309352652,-0.10999415467632598
2015-09-15 22:39:00,63,0.7850318424021888,0,-0.10999511057413712,-0.21999022114827427,-0.10999511057413713
2015-09-15 22:44:00,67,0.7700462286606435,0,-0.1099959101549179,-0.2199918203098358,-0.1099959101549179
2015-09-15 23:19:00,65,0.7268723218569311,0,-0.10999657898016604,-0.21999315796033206,-0.10999657898016602
2015-09-15 23:24:00,61,0.8674895840636809,0,-0.10999713843173738,-0.21999427686347475,-0.10999713843173738
2015-09-15 23:29:00,61,0.8590078154744542,0,-0.10999760639519393,-0.21999521279038786,-0.10999760639519393
2015-09-15 23:34:00,60,0.8683717218764084,0,-0.10999799783145156,-0.2199959956629031,-0.10999799783145155
2015-09-16 00:49:00,67,0.7700170436104156,0,-0.10999832525497953,-0.21999665050995906,-0.10999832525497952
2015-09-16 01:44:00,57,0.9356072530153808,0,-0.1099985991338226,-0.2199971982676452,-0.1099985991338226
2015-09-16 02:19:00,59,0.8819788556984426,0,-0.1099988282242231,-0.2199976564484462,-0.1099988282242231
2015-09-16 03:04:00,60,0.8575500777920143,0,-0.10999901985053273,-0.21999803970106546,-0.10999901985053273
2015-09-16 04:44:00,58,0.9038384769352809,0,-0.10999918013935747,-0.21999836027871494,-0.10999918013935749
2015-09-16 05:09:00,66,0.7367330720332567,0,-0.10999931421541764,-0.21999862843083529,-0.10999931421541763
2015-09-16 05:19:00,69,0.8708702482476562,0,-0.10999942636538193,-0.21999885273076386,-0.10999942636538193
2015-09-16 05:29:00,62,0.8251550984100923,0,-0.10999952017491196,-0.21999904034982395,-0.10999952017491196
2015-09-16 05:39:00,65,0.7396609756631504,0,-0.10999959864329696,-0.21999919728659392,-0.10999959864329696
2015-09-16 05:49:00,65,0.7325113970746935,0,-0.10999966427934324,-0.21999932855868648,-0.10999966427934324
2015-09-16 06:09:00,61,0.8461428888388394,0,-0.10999971918158333,-0.21999943836316666,-0.10999971918158333
2015-09-16 06:14:00,64,0.7648653571879175,0,-0.1099997651053686,-0.2199995302107372,-0.10999976510536859
2015-09-16 06:24:00,65,0.7246959982139736,0,-0.10999980351899057,-0.2199996070379811,-0.10999980351899055
2015-09-16 06:39:00,65,0.7176960694000086,0,-0.10999983565062453,-0.21999967130124906,-0.10999983565062453
2015-09-16 06:44:00,66,0.7251460542859443,0,-0.10999986252759668,-0.21999972505519336,-0.10999986252759669
2015-09-16 06:54:00,61,0.8431657320772757,0,-0.10999988500922964,-0.2199997700184593,-0.10999988500922965
2015-09-16 07:19:00,64,0.7537349844912304,0,-0.10999990381431672,-0.2199998076286334,-0.10999990381431671
2015-09-16 07:24:00,69,0.8730432863221655,0,-0.1099999195441033,-0.2199998390882066,-0.1099999195441033
2015-09-16 07:29:00,59,0.8752115059931015,0,-0.10999993270151008,-0.21999986540302016,-0.10999993270151008
2015-09-16 07:34:00,71,0.9325312899196334,0,-0.11,-0.22,-0.11
2015-09-16 07:44:00,66,0.7294934870812544,0,-0.11,-0.22,-0.11
2015-09-16 07:49:00,66,0.7224353461385361,0,-0.11,-0.22,-0.11
2015-09-16 07:54:00,67,0.7752855337408452,0,-0.11,-0.22,-0.11
2015-09-16 07:59:00,68,0.8285104119270181,0,-0.11,-0.22,-0.11
2015-09-16 08:04:00,64,0.7596021986628294,0,-0.11,-0.22,-0.11
2015-09-16 08:09:00,68,0.8219460373493268,0,-0.11,-0.22,-0.11
2015-09-16 08:14:00,69,0.8593964607071121,0,-0.11,-0.22,-0.11
2015-09-16 08:19:00,71,0.9254957588267574,0,-0.11,-0.22,-0.11
2015-09-16 08:24:00,66,0.7216728541220531,0,-0.11,-0.22,-0.11
2015-09-16 08:29:00,70,0.8902960467407468,0,-0.11,-0.22,-0.11
2015-09-16 08:39:00,71,0.9117436845503548,0,-0.11,-0.22,-0.11
2015-09-16 08:49:00,68,0.8139260405128653,0,-0.11,-0.22,-0.11
2015-09-16 08:54:00,62,0.8385538976502137,0,-0.11,-0.22,-0.11
2015-09-16 08:59:00,67,0.7645567127501841,0,-0.11,-0.22,-0.11
2015-09-16 09:04:00,63,0.8083883064828978,0,-0.11,-0.22,-0.11
2015-09-16 09:09:00,71,0.905657318378408,0,-0.11,-0.22,-0.11
2015-09-16 09:14:00,64,0.7677376390620423,0,-0.11,-0.22,-0.11
2015-09-16 09:24:00,70,0.8756866409511981,0,-0.11,-0.22,-0.11
2015-09-16 09:34:00,67,0.7655843954837952,0,-0.11,-0.22,-0.11
2015-09-16 09:44:00,67,0.7581416699510019,0,-0.11,-0.22,-0.11
2015-09-16 09:54:00,66,0.7227587458356913,0,-0.11,-0.22,-0.11
2015-09-16 09:59:00,61,0.8594335344233275,0,-0.11,-0.22,-0.11
2015-09-16 10:04:00,69,0.8459115545120135,0,-0.11,-0.22,-0.11
2015-09-16 10:09:00,67,0.7506984772865617,0,-0.11,-0.22,-0.11
2015-09-16 10:14:00,70,0.8675520779801011,0,-0.11,-0.22,-0.11
2015-09-16 10:19:00,71,0.8912862112919178,0,-0.11,-0.22,-0.11
2015-09-16 10:24:00,67,0.7479422263937154,0,-0.11,-0.22,-0.11
2015-09-16 10:29:00,59,0.8928203283084528,0,-0.11,-0.22,-0.11
2015-09-16 10:34:00,69,0.8355327502264522,0,-0.11,-0.22,-0.11
2015-09-16 10:44:00,69,0.8274367467004008,0,-0.11,-0.22,-0.11
2015-09-16 10:49:00,68,0.7879332376233795,0,-0.11,-0.22,-0.11
2015-09-16 10:54:00,72,0.9294151296287804,0,-0.11,-0.22,-0.11
2015-09-16 10:59:00,68,0.7821194785512707,0,-0.11,-0.22,-0.11
2015-09-16 11:04:00,62,0.8460831778059223,0,-0.11,-0.22,-0.11
2015-09-16 11:09:00,64,0.7914677730658668,0,-0.11,-0.22,-0.11
2015-09-16 11:14:00,66,0.7357211112669462,0,-0.11,-0.22,-0.11
2015-09-16 11:19:00,60,0.8763615764595346,0,-0.11,-0.22,-0.11
2015-09-16 11:24:00,66,0.7311048369592777,0,-0.11,-0.22,-0.11
2015-09-16 11:29:00,71,0.8853232353923046,0,-0.11,-0.22,-0.11
2015-09-16 11:34:00,56,0.9595639465568616,0,-0.11,-0.22,-0.11
2015-09-16 11:39:00,63,0.8229136865146304,0,-0.11,-0.22,-0.11
2015-09-16 11:44:00,67,0.7478792386873256,0,-0.11,-0.22,-0.11
2015-09-16 11:49:00,64,0.7888960117969981,0,-0.11,-0.22,-0.11
2015-09-16 11:59:00,67,0.7429069820168571,0,-0.11,-0.22,-0.11
2015-09-16 12:04:00,62,0.8421075617414722,0,-0.11,-0.22,-0.11
2015-09-16 12:14:00,65,0.7544060137146164,0,-0.11,-0.22,-0.11
2015-09-16 12:19:00,66,0.7255257013543133,0,-0.11,-0.22,-0.11
2015-09-16 12:24:00,65,0.7436914533276091,0,-0.11,-0.22,-0.11
2015-09-16 12:29:00,73,0.9557531505743726,0,-0.11,-0.22,-0.11
2015-09-16 12:34:00,67,0.7395255535269665,0,-0.11,-0.22,-0.11
2015-09-16 12:39:00,62,0.8407583860320208,0,-0.11,-0.22,-0.11
2015-09-16 12:44:00,68,0.7880429730946877,0,-0.11,-0.22,-0.11
2015-09-16 12:49:00,62,0.8339959523306599,0,-0.11,-0.22,-0.11
2015-09-16 12:54:00,67,0.7338490052794829,0,-0.11,-0.22,-0.11
2015-09-16 12:59:00,63,0.8108703560631215,0,-0.11,-0.22,-0.11
2015-09-16 13:04:00,68,0.7804847870133333,1,1.0,1.0,1.0
2015-09-16 13:09:00,69,0.8293464582084539,1,0.9974673237743696,0.9974673237743696,0.9974673237743695
2015-09-16 13:14:00,69,0.8213123176025825,1,0.9944663453837748,0.9944663453837748,0.9944663453837747
2015-09-16 13:19:00,65,0.7558253667387748,1,0.9909122971351696,0.9909122971351696,0.9909122971351695
2015-09-16 13:24:00,61,0.8623520381394076,1,0.9867058058954474,0.9867058058954474,0.9867058058954474
2015-09-16 13:29:00,73,0.9492838115146448,1,0.9817306754801916,0.9817306754801916,0.9817306754801916
2015-09-16 13:34:00,66,0.7288666973960409,1,0.9758514550893066,0.9758514550893066,0.9758514550893066
2015-09-16 13:39:00,51,0.97048344023066,1,0.9689108275010176,0.9689108275010176,0.9689108275010175
2015-09-16 13:44:00,50,0.9668592716609696,1,0.9607268814309669,0.9607268814309669,0.9607268814309669
2015-09-16 13:49:00,34,0.9720459113214432,1,0.9510903752891,0.9510903752891,0.9510903752891001
2015-09-16 13:54:00,24,0.9735836290767672,1,0.939762157354885,0.939762157354885,0.939762157354885
2015-09-16 13:59:00,7,0.966185283783956,1,0.9264709826944568,0.9264709826944568,0.9264709826944568
2015-09-16 14:04:00,14,0.9707325495279348,1,0.9109120614477282,0.9109120614477282,0.9109120614477282
2015-09-16 14:09:00,7,0.9569044834104136,1,0.8927467855469282,0.8927467855469282,0.8927467855469282
2015-09-16 14:14:00,32,0.9709961221137736,1,0.8716042063328711,0.8716042063328711,0.8716042063328711
2015-09-16 14:19:00,17,0.9726306623814764,1,0.8470849618628639,0.8470849618628639,0.8470849618628639
2015-09-16 14:24:00,8,0.9548481256838596,1,0.8187684579182891,0.8187684579182891,0.8187684579182891
2015-09-16 14:29:00,6,0.9556353373351064,1,0.7862241558438429,0.7862241558438429,0.7862241558438429
2015-09-16 14:30:00,8,0.9445586585689094,1,0.7490277640043964,0.7490277640043964,0.7490277640043964
2015-09-16 14:35:00,20,0.9742231500535764,1,0.7067829063330667,0.7067829063330667,0.7067829063330667
2015-09-16 14:40:00,8,0.9357248409420056,1,0.6591483866450579,0.6591483866450579,0.6591483866450579
2015-09-16 14:45:00,23,0.9689309576387471,1,0.605870432503202,0.605870432503202,0.605870432503202
2015-09-16 14:50:00,74,0.9593384697399936,1,0.5468182846288978,0.5468182846288978,0.5468182846288978
2015-09-16 14:55:00,65,0.7824096236039272,1,0.4820202769740843,0.4820202769740843,0.48202027697408434
2015-09-16 15:00:00,67,0.7675829538967441,1,0.4116963226465555,0.4116963226465555,0.41169632264655553
2015-09-16 15:05:00,74,0.9504533284981114,1,0.3362817953471616,0.3362817953471616,0.3362817953471616
2015-09-16 15:10:00,59,0.9173216451616832,1,0.2564375619608148,0.2564375619608148,0.2564375619608148
2015-09-16 15:15:00,65,0.7796893292335066,1,0.1730417302911223,0.1730417302911223,0.1730417302911223
2015-09-16 15:20:00,64,0.8129853443890265,1,0.08716068383412914,0.08716068383412914,0.08716068383412914
2015-09-16 15:25:00,64,0.8051245385159446,0,-0.009795412917274829,-0.019590825834549658,-0.00979541291727483
2015-09-16 15:30:00,68,0.8082393690235581,0,-0.019436697459237925,-0.03887339491847585,-0.019436697459237925
2015-09-16 15:35:00,73,0.93706885867023,0,-0.028779275663155468,-0.057558551326310936,-0.02877927566315547
2015-09-16 15:40:00,71,0.909135859838955,0,-0.03769643976620059,-0.07539287953240117,-0.03769643976620059
2015-09-16 15:45:00,67,0.7699082197787201,0,-0.04608547558222279,-0.09217095116444557,-0.04608547558222279
2015-09-16 15:50:00,66,0.7562846171712229,0,-0.05387106904711034,-0.10774213809422067,-0.05387106904711034
2015-09-16 15:55:00,68,0.8002212861993834,0,-0.06100596945843206,-0.12201193891686413,-0.06100596945843206
2015-09-16 16:00:00,65,0.7702914755316045,1,1.0,1.0,1.0
2015-09-16 16:05:00,57,0.9515212995680568,1,0.9974673237743696,0.9974673237743696,0.9974673237743695
2015-09-16 16:10:00,70,0.8841907408406633,1,0.9944663453837748,0.9944663453837748,0.9944663453837747
2015-09-16 16:15:00,66,0.7510782808304808,1,0.9909122971351696,0.9909122971351696,0.9909122971351695
2015-09-16 16:20:00,66,0.7438042919502702,1,0.9867058058954474,0.9867058058954474,0.9867058058954474
2015-09-16 16:25:00,65,0.7598033636176807,1,0.9817306754801916,0.9817306754801916,0.9817306754801916
2015-09-16 16:30:00,66,0.733290468586293,1,0.9758514550893066,0.9758514550893066,0.9758514550893066
2015-09-16 16:35:00,64,0.8036405675522611,1,0.9689108275010176,0.9689108275010176,0.9689108275010175
2015-09-16 16:40:00,55,0.9690814657791096,1,0.9607268814309669,0.9607268814309669,0.9607268814309669
2015-09-16 16:45:00,30,0.9719302458202884,1,0.9510903752891,0.9510903752891,0.9510903752891001
2015-09-16 16:50:00,11,0.9683982642151588,1,0.939762157354885,0.939762157354885,0.939762157354885
2015-09-16 16:55:00,12,0.9622716551959356,1,0.9264709826944568,0.9264709826944568,0.9264709826944568
2015-09-16 17:00:00,33,0.9636090912269241,1,0.9109120614477282,0.9109120614477282,0.9109120614477282
2015-09-16 17:05:00,43,0.9709357163467536,1,0.8927467855469282,0.8927467855469282,0.8927467855469282
2015-09-16 17:10:00,1,0.9750186024926524,1,0.8716042063328711,0.8716042063328711,0.8716042063328711
2015-09-16 17:15:00,19,0.9689237947634054,1,0.8470849618628639,0.8470849618628639,0.8470849618628639
2015-09-16 17:20:00,23,0.9634487115784928,1,0.8187684579182891,0.8187684579182891,0.8187684579182891
2015-09-16 17:25:00,53,0.97267426778949,1,0.7862241558438429,0.7862241558438429,0.7862241558438429
2015-09-16 17:30:00,60,0.9129702981712016,1,0.7490277640043964,0.7490277640043964,0.7490277640043964
2015-09-16 17:35:00,56,0.952092209165705,1,0.7067829063330667,0.7067829063330667,0.7067829063330667
2015-09-16 17:40:00,44,0.966712005009688,1,0.6591483866450579,0.6591483866450579,0.6591483866450579
2015-09-16 17:45:00,57,0.9411252324315821,1,0.605870432503202,0.605870432503202,0.605870432503202
2015-09-16 17:50:00,55,0.9531312217605676,1,0.5468182846288978,0.5468182846288978,0.5468182846288978
2015-09-16 17:55:00,63,0.861476731618114,1,0.4820202769740843,0.4820202769740843,0.48202027697408434
2015-09-16 18:00:00,68,0.8274325176202549,1,0.4116963226465555,0.4116963226465555,0.41169632264655553
2015-09-16 18:05:00,70,0.8940329109188194,1,0.3362817953471616,0.3362817953471616,0.3362817953471616
2015-09-16 18:10:00,62,0.8804978638918772,1,0.2564375619608148,0.2564375619608148,0.2564375619608148
2015-09-16 18:15:00,66,0.7690744134961495,1,0.1730417302911223,0.1730417302911223,0.1730417302911223
2015-09-16 18:20:00,67,0.7820226648040854,1,0.08716068383412914,0.08716068383412914,0.08716068383412914
2015-09-16 18:25:00,68,0.8175267492871253,0,-0.009795412917274829,-0.019590825834549658,-0.00979541291727483
2015-09-16 18:30:00,67,0.770685435405756,0,-0.019436697459237925,-0.03887339491847585,-0.019436697459237925
2015-09-16 18:35:00,66,0.7554750153303127,0,-0.028779275663155468,-0.057558551326310936,-0.02877927566315547
2015-09-16 18:40:00,68,0.805975993987399,0,-0.03769643976620059,-0.07539287953240117,-0.03769643976620059
2015-09-16 18:45:00,69,0.8519027210668979,0,-0.04608547558222279,-0.09217095116444557,-0.04608547558222279
2015-09-16 18:50:00,68,0.7941458742784185,0,-0.05387106904711034,-0.10774213809422067,-0.05387106904711034
2015-09-16 18:55:00,71,0.9129815484202412,0,-0.06100596945843206,-0.12201193891686413,-0.06100596945843206
2015-09-16 19:05:00,67,0.7556685942242699,0,-0.06746929864349208,-0.13493859728698415,-0.06746929864349208
2015-09-16 19:10:00,64,0.8328299172231218,0,-0.07326315298542402,-0.14652630597084804,-0.07326315298542403
2015-09-16 19:15:00,64,0.8247706656216989,0,-0.0784082268753388,-0.1568164537506776,-0.0784082268753388
2015-09-16 19:25:00,64,0.8167920065362901,0,-0.0829391237519836,-0.1658782475039672,-0.0829391237519836
2015-09-16 19:30:00,63,0.8492302616865622,0,-0.08689987129554172,-0.17379974259108347,-0.08689987129554173
2015-09-16 19:35:00,65,0.7776908421753153,0,-0.09033997785319556,-0.18067995570639114,-0.09033997785319557
2015-09-16 19:40:00,64,0.8008790481518253,0,-0.09331120039532642,-0.18662240079065284,-0.09331120039532642
2015-09-16 19:45:00,65,0.7665167377591804,0,-0.0958650635622034,-0.1917301271244068,-0.09586506356220341
2015-09-16 19:50:00,66,0.7506306211506647,0,-0.09805108145081906,-0.19610216290163807,-0.09805108145081906
2015-09-16 20:00:00,63,0.8384409543857488,0,-0.09991558475736836,-0.19983116951473676,-0.09991558475736836
2015-09-16 20:05:00,67,0.7598343063075123,0,-0.10150103674500907,-0.20300207349001811,-0.10150103674500907
2015-09-16 20:10:00,62,0.8754221993160974,0,-0.10284572233851716,-0.2056914446770343,-0.10284572233851715
2015-09-16 20:15:00,61,0.9013399043716744,0,-0.10398370690483977,-0.20796741380967956,-0.10398370690483977
2015-09-16 20:20:00,62,0.8621523243731809,0,-0.10494497861979436,-0.20988995723958875,-0.10494497861979436
2015-09-16 20:25:00,65,0.7640328799950448,0,-0.1057557066006469,-0.2115114132012938,-0.1057557066006469
2015-09-16 20:30:00,63,0.8238288601225304,0,-0.1064385638365199,-0.2128771276730398,-0.1064385638365199
2015-09-16 20:35:00,61,0.8880852708140726,0,-0.10701307827237624,-0.2140261565447525,-0.10701307827237624
2015-09-16 20:40:00,59,0.9307854919425866,0,-0.10749598689954264,-0.21499197379908527,-0.10749598689954264
2015-09-16 20:45:00,56,0.94372747112981,0,-0.1079015765300936,-0.2158031530601872,-0.1079015765300936
2015-09-16 20:50:00,65,0.7640947668063551,0,-0.1082420014507156,-0.2164840029014312,-0.1082420014507156
2015-09-16 20:55:00,63,0.8197816147998798,0,-0.10852757279665734,-0.21705514559331468,-0.10852757279665734
2015-09-16 21:00:00,67,0.7716636518763181,0,-0.1087670176754879,-0.2175340353509758,-0.1087670176754879
2015-09-16 21:05:00,63,0.8134512485951659,0,-0.10896770816750227,-0.21793541633500454,-0.10896770816750229
2015-09-16 21:10:00,57,0.9380650071812964,0,-0.10913586163255802,-0.218271723265116,-0.10913586163255799
2015-09-16 21:15:00,58,0.9324263237782192,0,-0.10927671449509453,-0.21855342899018906,-0.10927671449509452
2015-09-16 21:25:00,68,0.8136849543604345,0,-0.10939467203659546,-0.21878934407319087,-0.10939467203659546
2015-09-16 21:40:00,62,0.8457541998222031,0,-0.10949343682772288,-0.21898687365544575,-0.10949343682772289
2015-09-16 21:45:00,64,0.7860154119864551,0,-0.10957611837406796,-0.21915223674813591,-0.10957611837406796
2015-09-16 21:55:00,66,0.7608182781775811,0,-0.10964532639532422,-0.21929065279064844,-0.10964532639532422
2015-09-16 22:05:00,65,0.7609588644104506,0,-0.10970324995242696,-0.21940649990485392,-0.10970324995242696
2015-09-16 22:14:00,57,0.9261935900637348,0,-0.10975172441055477,-0.2195034488211095,-0.10975172441055475
2015-09-16 22:20:00,61,0.8829310939026047,0,-0.10979228799693766,-0.21958457599387526,-0.10979228799693766
2015-09-16 22:25:00,58,0.9210800610529496,0,-0.10982622949281798,-0.219652458985636,-0.10982622949281798
2015-09-16 22:30:00,62,0.8385959799500108,0,-0.10985462839524666,-0.21970925679049333,-0.10985462839524666
2015-09-16 22:40:00,61,0.8704619123206861,0,-0.1098783886998768,-0.2197567773997536,-0.1098783886998768
2015-09-16 22:45:00,63,0.8047915745354675,0,-0.10989826729154456,-0.2197965345830891,-0.10989826729154455
2015-09-16 22:55:00,59,0.9147294864450054,0,-0.10991489778485863,-0.2198297955697173,-0.10991489778485865
2015-09-16 23:10:00,64,0.7820216659783763,0,-0.10992881053110083,-0.21985762106220166,-0.10992881053110082
2015-09-16 23:35:00,64,0.7744704968894008,0,-0.10994044939889597,-0.21988089879779196,-0.10994044939889597
2015-09-16 23:55:00,59,0.906992126239176,0,-0.10995018584259596,-0.21990037168519194,-0.10995018584259597
2015-09-17 00:10:00,66,0.7692122645729987,0,-0.10995833069235847,-0.21991666138471694,-0.10995833069235847
2015-09-17 00:45:00,63,0.7944640691350426,0,-0.10996514403179744,-0.21993028806359488,-0.10996514403179744
2015-09-17 01:05:00,57,0.9154918148937586,0,-0.10997084347125743,-0.21994168694251487,-0.10997084347125743
2015-09-17 01:40:00,56,0.9256552239349118,0,-0.10997561107579304,-0.21995122215158605,-0.10997561107579303
2015-09-17 01:55:00,53,0.9688354909505956,0,-0.10997959916555347,-0.21995919833110694,-0.10997959916555348
2015-09-17 02:10:00,66,0.7702227498436859,0,-0.10998293517136112,-0.21996587034272225,-0.10998293517136111
2015-09-17 02:50:00,61,0.8690790687060151,0,-0.10998572569886343,-0.21997145139772686,-0.10998572569886343
2015-09-17 03:20:00,56,0.918246260883636,0,-0.10998805992989501,-0.21997611985979,-0.10998805992989501
2015-09-17 04:35:00,58,0.902260736271982,0,-0.10999001246888546,-0.2199800249377709,-0.10999001246888546
2015-09-17 04:55:00,62,0.8272480223589118,0,-0.10999164572468112,-0.21998329144936227,-0.10999164572468113
2015-09-17 05:10:00,64,0.7800484102188979,0,-0.10999301190348568,-0.21998602380697135,-0.10999301190348569
2015-09-17 05:15:00,65,0.7671750622309027,0,-0.10999415467632598,-0.219988309352652,-0.10999415467632598
2015-09-17 05:30:00,73,0.9569212580154001,0,-0.10999511057413712,-0.21999022114827427,-0.10999511057413713
2015-09-17 05:35:00,63,0.7931126539172252,0,-0.1099959101549179,-0.2199918203098358,-0.1099959101549179
2015-09-17 05:40:00,63,0.7854200124221197,0,-0.10999657898016604,-0.21999315796033206,-0.10999657898016602
2015-09-17 05:45:00,66,0.7745114209175491,0,-0.10999713843173738,-0.21999427686347475,-0.10999713843173738
2015-09-17 05:50:00,62,0.8159057946640477,0,-0.10999760639519393,-0.21999521279038786,-0.10999760639519393
2015-09-17 05:55:00,72,0.9454028321082512,0,-0.10999799783145156,-0.2199959956629031,-0.10999799783145155
2015-09-17 06:15:00,56,0.9147812851446152,0,-0.10999832525497953,-0.21999665050995906,-0.10999832525497952
2015-09-17 06:20:00,52,0.9659319886776792,0,-0.1099985991338226,-0.2199971982676452,-0.1099985991338226
2015-09-17 06:25:00,61,0.8613059711648081,0,-0.1099988282242231,-0.2199976564484462,-0.1099988282242231
2015-09-17 06:30:00,51,0.9636767099690364,0,-0.10999901985053273,-0.21999803970106546,-0.10999901985053273
2015-09-17 06:40:00,64,0.7757559880720114,0,-0.10999918013935747,-0.21999836027871494,-0.10999918013935749
2015-09-17 06:55:00,60,0.8942972326504749,0,-0.10999931421541764,-0.21999862843083529,-0.10999931421541763
2015-09-17 07:00:00,59,0.9002125718403013,0,-0.10999942636538193,-0.21999885273076386,-0.10999942636538193
2015-09-17 07:05:00,38,0.9716474176571024,0,-0.10999952017491196,-0.21999904034982395,-0.10999952017491196
2015-09-17 07:10:00,53,0.9562247124335592,0,-0.10999959864329696,-0.21999919728659392,-0.10999959864329696
2015-09-17 07:15:00,56,0.9108951022926352,0,-0.10999966427934324,-0.21999932855868648,-0.10999966427934324
2015-09-17 07:25:00,53,0.9470776666262996,0,-0.10999971918158333,-0.21999943836316666,-0.10999971918158333
2015-09-17 07:35:00,68,0.8617841161516009,0,-0.1099997651053686,-0.2199995302107372,-0.10999976510536859
2015-09-17 07:40:00,56,0.9032718205980144,0,-0.10999980351899057,-0.2199996070379811,-0.10999980351899055
2015-09-17 07:45:00,62,0.8227094478251674,0,-0.10999983565062453,-0.21999967130124906,-0.10999983565062453
2015-09-17 07:50:00,65,0.7867274429647528,0,-0.10999986252759668,-0.21999972505519336,-0.10999986252759669
2015-09-17 07:55:00,61,0.8545469978062752,0,-0.10999988500922964,-0.2199997700184593,-0.10999988500922965
2015-09-17 08:00:00,64,0.7828723420712,0,-0.10999990381431672,-0.2199998076286334,-0.10999990381431671
2015-09-17 08:05:00,60,0.8826397887666938,0,-0.1099999195441033,-0.2199998390882066,-0.1099999195441033
2015-09-17 08:10:00,58,0.9020813156366247,0,-0.10999993270151008,-0.21999986540302016,-0.10999993270151008
2015-09-17 08:15:00,62,0.8145019655020737,0,-0.11,-0.22,-0.11
2015-09-17 08:20:00,67,0.8280373179660897,0,-0.11,-0.22,-0.11
2015-09-17 08:25:00,61,0.8410925300176483,0,-0.11,-0.22,-0.11
2015-09-17 08:30:00,59,0.8892190260007291,0,-0.11,-0.22,-0.11
2015-09-17 08:35:00,60,0.8652711266662123,0,-0.11,-0.22,-0.11
2015-09-17 08:40:00,59,0.8757647117001586,0,-0.11,-0.22,-0.11
2015-09-17 08:45:00,59,0.8672147279915877,0,-0.11,-0.22,-0.11
2015-09-17 08:50:00,63,0.7982922368088878,0,-0.11,-0.22,-0.11
2015-09-17 08:55:00,55,0.9338752499856322,0,-0.11,-0.22,-0.11
2015-09-17 09:00:00,54,0.9444029215659288,0,-0.11,-0.22,-0.11
2015-09-17 09:05:00,64,0.7909996866804297,0,-0.11,-0.22,-0.11
2015-09-17 09:10:00,63,0.7903747405699034,0,-0.11,-0.22,-0.11
2015-09-17 09:15:00,67,0.8348898630869631,0,-0.11,-0.22,-0.11
2015-09-17 09:20:00,62,0.8066403817489777,0,-0.11,-0.22,-0.11
2015-09-17 09:25:00,67,0.8282249525473784,0,-0.11,-0.22,-0.11
2015-09-17 09:30:00,65,0.7973381394222153,0,-0.11,-0.22,-0.11
2015-09-17 09:35:00,63,0.7835392567726418,0,-0.11,-0.22,-0.11
2015-09-17 09:40:00,61,0.8341505630016119,0,-0.11,-0.22,-0.11
2015-09-17 09:45:00,69,0.9120689453183982,0,-0.11,-0.22,-0.11
2015-09-17 09:50:00,65,0.7939712973776697,0,-0.11,-0.22,-0.11
2015-09-17 09:55:00,63,0.7795777540600538,0,-0.11,-0.22,-0.11
2015-09-17 10:00:00,65,0.7870441774874218,0,-0.11,-0.22,-0.11
2015-09-17 10:05:00,71,0.9448420364331062,0,-0.11,-0.22,-0.11
2015-09-17 10:10:00,66,0.802012270236986,0,-0.11,-0.22,-0.11
2015-09-17 10:15:00,64,0.7723073597854265,0,-0.11,-0.22,-0.11
2015-09-17 10:20:00,61,0.8350047783707055,0,-0.11,-0.22,-0.11
2015-09-17 10:25:00,65,0.7758882709727613,0,-0.11,-0.22,-0.11
2015-09-17 10:30:00,65,0.7683764194312084,0,-0.11,-0.22,-0.11
2015-09-17 10:35:00,62,0.7993334564848443,0,-0.11,-0.22,-0.11
2015-09-17 10:45:00,64,0.7606828135257028,0,-0.11,-0.22,-0.11
2015-09-17 10:50:00,61,0.8268627956730803,0,-0.11,-0.22,-0.11
2015-09-17 10:55:00,59,0.8796734668575381,0,-0.11,-0.22,-0.11
2015-09-17 11:00:00,64,0.7575820559860306,0,-0.11,-0.22,-0.11
2015-09-17 11:05:00,55,0.9315522413698056,0,-0.11,-0.22,-0.11
2015-09-17 11:10:00,62,0.7925209032015759,0,-0.11,-0.22,-0.11
2015-09-17 11:15:00,61,0.8179009866965029,0,-0.11,-0.22,-0.11
2015-09-17 11:20:00,66,0.8011383657906558,0,-0.11,-0.22,-0.11
2015-09-17 11:25:00,61,0.8115625052452944,0,-0.11,-0.22,-0.11
2015-09-17 11:30:00,69,0.9147727272606396,0,-0.11,-0.22,-0.11
2015-09-17 11:35:00,66,0.7968859606885705,0,-0.11,-0.22,-0.11
2015-09-17 11:40:00,68,0.8732174799254303,0,-0.11,-0.22,-0.11
2015-09-17 11:45:00,69,0.9014445289146192,0,-0.11,-0.22,-0.11
2015-09-17 11:50:00,66,0.7915974843702023,0,-0.11,-0.22,-0.11
2015-09-17 11:55:00,66,0.7839183034545945,0,-0.11,-0.22,-0.11
2015-09-17 12:00:00,64,0.7681125889136627,0,-0.11,-0.22,-0.11
2015-09-17 12:05:00,63,0.7779289658085671,0,-0.11,-0.22,-0.11
2015-09-17 12:10:00,68,0.8622529893995907,0,-0.11,-0.22,-0.11
2015-09-17 12:20:00,62,0.7894047393135966,0,-0.11,-0.22,-0.11
2015-09-17 12:25:00,66,0.7818434251137741,0,-0.11,-0.22,-0.11
2015-09-17 12:30:00,71,0.9426988022905648,0,-0.11,-0.22,-0.11
2015-09-17 12:35:00,67,0.8169525874138255,0,-0.11,-0.22,-0.11
2015-09-17 12:40:00,66,0.7724954444288539,0,-0.11,-0.22,-0.11
2015-09-17 12:45:00,62,0.7893755019158931,0,-0.11,-0.22,-0.11
2015-09-17 12:50:00,62,0.7816541625360937,0,-0.11,-0.22,-0.11
2015-09-17 12:55:00,62,0.7740100365500923,0,-0.11,-0.22,-0.11
2015-09-17 13:00:00,59,0.890205400662462,0,-0.11,-0.22,-0.11
2015-09-17 13:05:00,56,0.9221847301956068,0,-0.11,-0.22,-0.11
2015-09-17 13:10:00,41,0.9711767651405252,0,-0.11,-0.22,-0.11
2015-09-17 13:15:00,63,0.7717154718358425,0,-0.11,-0.22,-0.11
2015-09-17 13:20:00,46,0.9760129453459144,0,-0.11,-0.22,-0.11
2015-09-17 13:25:00,47,0.9713487567429876,0,-0.11,-0.22,-0.11
2015-09-17 13:30:00,63,0.7685508780930076,0,-0.11,-0.22,-0.11
2015-09-17 13:35:00,50,0.9709497031711312,0,-0.11,-0.22,-0.11
2015-09-17 13:40:00,46,0.9611779465414478,0,-0.11,-0.22,-0.11
2015-09-17 13:45:00,33,0.97017277329224,0,-0.11,-0.22,-0.11
2015-09-17 13:50:00,23,0.9693700275095884,0,-0.11,-0.22,-0.11
2015-09-17 13:55:00,26,0.9737246946099114,0,-0.11,-0.22,-0.11
2015-09-17 14:00:00,19,0.9699210093975535,0,-0.11,-0.22,-0.11
2015-09-17 14:05:00,27,0.968038822466496,0,-0.11,-0.22,-0.11
